Year,County,Age,Total Population
2024,Andrews,< 01 Year,264
2024,Andrews,01 Years,279
2024,Andrews,02 Years,290
2024,Andrews,03 Years,277
2024,Andrews,04 Years,245
2024,Andrews,05 Years,276
2024,Andrews,06 Years,273
2024,Andrews,07 Years,303
2024,Andrews,08 Years,333
2024,Andrews,09 Years,336
2024,Andrews,10 Years,320
2024,Andrews,11 Years,333
2024,Andrews,12 Years,325
2024,Andrews,13 Years,302
2024,Andrews,14 Years,298
2024,Andrews,15 Years,335
2024,Andrews,16 Years,352
2024,Andrews,17 Years,341
2024,Andrews,18 Years,318
2024,Andrews,19 Years,337
2024,Andrews,20 Years,323
2024,Andrews,21 Years,316
2024,Andrews,22 Years,267
2024,Andrews,23 Years,240
2024,Andrews,24 Years,287
2024,Andrews,25 Years,211
2024,Andrews,26 Years,223
2024,Andrews,27 Years,227
2024,Andrews,28 Years,215
2024,Andrews,29 Years,231
2024,Andrews,30 Years,270
2024,Andrews,31 Years,295
2024,Andrews,32 Years,243
2024,Andrews,33 Years,313
2024,Andrews,34 Years,294
2024,Andrews,35 Years,319
2024,Andrews,36 Years,268
2024,Andrews,37 Years,294
2024,Andrews,38 Years,257
2024,Andrews,39 Years,261
2024,Andrews,40 Years,300
2024,Andrews,41 Years,292
2024,Andrews,42 Years,266
2024,Andrews,43 Years,237
2024,Andrews,44 Years,233
2024,Andrews,45 Years,233
2024,Andrews,46 Years,209
2024,Andrews,47 Years,202
2024,Andrews,48 Years,213
2024,Andrews,49 Years,220
2024,Andrews,50 Years,184
2024,Andrews,51 Years,241
2024,Andrews,52 Years,195
2024,Andrews,53 Years,199
2024,Andrews,54 Years,211
2024,Andrews,55 Years,177
2024,Andrews,56 Years,222
2024,Andrews,57 Years,198
2024,Andrews,58 Years,193
2024,Andrews,59 Years,199
2024,Andrews,60 Years,238
2024,Andrews,61 Years,203
2024,Andrews,62 Years,193
2024,Andrews,63 Years,244
2024,Andrews,64 Years,216
2024,Andrews,65 Years,214
2024,Andrews,66 Years,181
2024,Andrews,67 Years,251
2024,Andrews,68 Years,150
2024,Andrews,69 Years,140
2024,Andrews,70 Years,147
2024,Andrews,71 Years,122
2024,Andrews,72 Years,121
2024,Andrews,73 Years,99
2024,Andrews,74 Years,72
2024,Andrews,75 Years,109
2024,Andrews,76 Years,85
2024,Andrews,77 Years,118
2024,Andrews,78 Years,60
2024,Andrews,79 Years,65
2024,Andrews,80 Years,65
2024,Andrews,81 Years,69
2024,Andrews,82 Years,65
2024,Andrews,83 Years,25
2024,Andrews,84 Years,44
2024,Andrews,85 Years,54
2024,Andrews,86 Years,33
2024,Andrews,87 Years,18
2024,Andrews,88 Years,33
2024,Andrews,89 Years,11
2024,Andrews,90 Years,25
2024,Andrews,91 Years,24
2024,Andrews,92 Years,16
2024,Andrews,93 Years,11
2024,Andrews,94 Years,13
2024,Andrews,95+ Years,30
2024,Atascosa,< 01 Year,710
2024,Atascosa,01 Years,695
2024,Atascosa,02 Years,650
2024,Atascosa,03 Years,655
2024,Atascosa,04 Years,597
2024,Atascosa,05 Years,655
2024,Atascosa,06 Years,684
2024,Atascosa,07 Years,657
2024,Atascosa,08 Years,726
2024,Atascosa,09 Years,745
2024,Atascosa,10 Years,702
2024,Atascosa,11 Years,748
2024,Atascosa,12 Years,705
2024,Atascosa,13 Years,784
2024,Atascosa,14 Years,799
2024,Atascosa,15 Years,814
2024,Atascosa,16 Years,829
2024,Atascosa,17 Years,835
2024,Atascosa,18 Years,810
2024,Atascosa,19 Years,843
2024,Atascosa,20 Years,825
2024,Atascosa,21 Years,793
2024,Atascosa,22 Years,791
2024,Atascosa,23 Years,694
2024,Atascosa,24 Years,665
2024,Atascosa,25 Years,686
2024,Atascosa,26 Years,578
2024,Atascosa,27 Years,612
2024,Atascosa,28 Years,547
2024,Atascosa,29 Years,618
2024,Atascosa,30 Years,593
2024,Atascosa,31 Years,594
2024,Atascosa,32 Years,636
2024,Atascosa,33 Years,538
2024,Atascosa,34 Years,657
2024,Atascosa,35 Years,629
2024,Atascosa,36 Years,633
2024,Atascosa,37 Years,552
2024,Atascosa,38 Years,570
2024,Atascosa,39 Years,638
2024,Atascosa,40 Years,580
2024,Atascosa,41 Years,582
2024,Atascosa,42 Years,626
2024,Atascosa,43 Years,605
2024,Atascosa,44 Years,682
2024,Atascosa,45 Years,610
2024,Atascosa,46 Years,652
2024,Atascosa,47 Years,520
2024,Atascosa,48 Years,637
2024,Atascosa,49 Years,605
2024,Atascosa,50 Years,521
2024,Atascosa,51 Years,602
2024,Atascosa,52 Years,640
2024,Atascosa,53 Years,639
2024,Atascosa,54 Years,734
2024,Atascosa,55 Years,600
2024,Atascosa,56 Years,547
2024,Atascosa,57 Years,623
2024,Atascosa,58 Years,650
2024,Atascosa,59 Years,672
2024,Atascosa,60 Years,678
2024,Atascosa,61 Years,650
2024,Atascosa,62 Years,612
2024,Atascosa,63 Years,658
2024,Atascosa,64 Years,679
2024,Atascosa,65 Years,589
2024,Atascosa,66 Years,633
2024,Atascosa,67 Years,547
2024,Atascosa,68 Years,562
2024,Atascosa,69 Years,499
2024,Atascosa,70 Years,558
2024,Atascosa,71 Years,498
2024,Atascosa,72 Years,471
2024,Atascosa,73 Years,394
2024,Atascosa,74 Years,481
2024,Atascosa,75 Years,418
2024,Atascosa,76 Years,429
2024,Atascosa,77 Years,390
2024,Atascosa,78 Years,270
2024,Atascosa,79 Years,283
2024,Atascosa,80 Years,240
2024,Atascosa,81 Years,268
2024,Atascosa,82 Years,210
2024,Atascosa,83 Years,138
2024,Atascosa,84 Years,189
2024,Atascosa,85 Years,138
2024,Atascosa,86 Years,104
2024,Atascosa,87 Years,100
2024,Atascosa,88 Years,75
2024,Atascosa,89 Years,70
2024,Atascosa,90 Years,38
2024,Atascosa,91 Years,59
2024,Atascosa,92 Years,20
2024,Atascosa,93 Years,45
2024,Atascosa,94 Years,15
2024,Atascosa,95+ Years,30
2024,Bailey,< 01 Year,106
2024,Bailey,01 Years,124
2024,Bailey,02 Years,115
2024,Bailey,03 Years,106
2024,Bailey,04 Years,94
2024,Bailey,05 Years,108
2024,Bailey,06 Years,97
2024,Bailey,07 Years,114
2024,Bailey,08 Years,105
2024,Bailey,09 Years,104
2024,Bailey,10 Years,115
2024,Bailey,11 Years,88
2024,Bailey,12 Years,107
2024,Bailey,13 Years,124
2024,Bailey,14 Years,127
2024,Bailey,15 Years,115
2024,Bailey,16 Years,127
2024,Bailey,17 Years,103
2024,Bailey,18 Years,125
2024,Bailey,19 Years,133
2024,Bailey,20 Years,98
2024,Bailey,21 Years,129
2024,Bailey,22 Years,95
2024,Bailey,23 Years,92
2024,Bailey,24 Years,56
2024,Bailey,25 Years,105
2024,Bailey,26 Years,71
2024,Bailey,27 Years,78
2024,Bailey,28 Years,96
2024,Bailey,29 Years,75
2024,Bailey,30 Years,81
2024,Bailey,31 Years,85
2024,Bailey,32 Years,114
2024,Bailey,33 Years,82
2024,Bailey,34 Years,83
2024,Bailey,35 Years,88
2024,Bailey,36 Years,63
2024,Bailey,37 Years,84
2024,Bailey,38 Years,112
2024,Bailey,39 Years,105
2024,Bailey,40 Years,89
2024,Bailey,41 Years,66
2024,Bailey,42 Years,56
2024,Bailey,43 Years,101
2024,Bailey,44 Years,76
2024,Bailey,45 Years,87
2024,Bailey,46 Years,109
2024,Bailey,47 Years,50
2024,Bailey,48 Years,77
2024,Bailey,49 Years,77
2024,Bailey,50 Years,72
2024,Bailey,51 Years,58
2024,Bailey,52 Years,37
2024,Bailey,53 Years,38
2024,Bailey,54 Years,98
2024,Bailey,55 Years,69
2024,Bailey,56 Years,46
2024,Bailey,57 Years,55
2024,Bailey,58 Years,74
2024,Bailey,59 Years,82
2024,Bailey,60 Years,87
2024,Bailey,61 Years,58
2024,Bailey,62 Years,78
2024,Bailey,63 Years,52
2024,Bailey,64 Years,66
2024,Bailey,65 Years,79
2024,Bailey,66 Years,88
2024,Bailey,67 Years,59
2024,Bailey,68 Years,87
2024,Bailey,69 Years,57
2024,Bailey,70 Years,74
2024,Bailey,71 Years,88
2024,Bailey,72 Years,56
2024,Bailey,73 Years,18
2024,Bailey,74 Years,55
2024,Bailey,75 Years,55
2024,Bailey,76 Years,51
2024,Bailey,77 Years,22
2024,Bailey,78 Years,56
2024,Bailey,79 Years,25
2024,Bailey,80 Years,25
2024,Bailey,81 Years,33
2024,Bailey,82 Years,34
2024,Bailey,83 Years,32
2024,Bailey,84 Years,24
2024,Bailey,85 Years,31
2024,Bailey,86 Years,25
2024,Bailey,87 Years,20
2024,Bailey,88 Years,25
2024,Bailey,89 Years,6
2024,Bailey,90 Years,9
2024,Bailey,91 Years,9
2024,Bailey,92 Years,22
2024,Bailey,93 Years,5
2024,Bailey,94 Years,1
2024,Bailey,95+ Years,6
2024,Bexar,< 01 Year,26775
2024,Bexar,01 Years,27272
2024,Bexar,02 Years,27012
2024,Bexar,03 Years,26563
2024,Bexar,04 Years,24675
2024,Bexar,05 Years,25286
2024,Bexar,06 Years,26344
2024,Bexar,07 Years,27521
2024,Bexar,08 Years,28298
2024,Bexar,09 Years,29396
2024,Bexar,10 Years,28933
2024,Bexar,11 Years,28598
2024,Bexar,12 Years,28629
2024,Bexar,13 Years,28992
2024,Bexar,14 Years,30431
2024,Bexar,15 Years,31515
2024,Bexar,16 Years,32489
2024,Bexar,17 Years,32033
2024,Bexar,18 Years,32286
2024,Bexar,19 Years,32972
2024,Bexar,20 Years,33357
2024,Bexar,21 Years,32600
2024,Bexar,22 Years,33040
2024,Bexar,23 Years,33197
2024,Bexar,24 Years,33168
2024,Bexar,25 Years,31560
2024,Bexar,26 Years,30662
2024,Bexar,27 Years,30661
2024,Bexar,28 Years,30805
2024,Bexar,29 Years,33550
2024,Bexar,30 Years,33350
2024,Bexar,31 Years,32100
2024,Bexar,32 Years,32616
2024,Bexar,33 Years,31662
2024,Bexar,34 Years,33265
2024,Bexar,35 Years,31005
2024,Bexar,36 Years,30135
2024,Bexar,37 Years,29760
2024,Bexar,38 Years,29264
2024,Bexar,39 Years,30903
2024,Bexar,40 Years,29291
2024,Bexar,41 Years,27520
2024,Bexar,42 Years,27457
2024,Bexar,43 Years,26517
2024,Bexar,44 Years,27809
2024,Bexar,45 Years,25167
2024,Bexar,46 Years,25043
2024,Bexar,47 Years,24917
2024,Bexar,48 Years,24706
2024,Bexar,49 Years,26061
2024,Bexar,50 Years,24200
2024,Bexar,51 Years,24984
2024,Bexar,52 Years,25279
2024,Bexar,53 Years,26292
2024,Bexar,54 Years,26637
2024,Bexar,55 Years,23533
2024,Bexar,56 Years,22760
2024,Bexar,57 Years,22269
2024,Bexar,58 Years,23120
2024,Bexar,59 Years,24868
2024,Bexar,60 Years,23819
2024,Bexar,61 Years,23760
2024,Bexar,62 Years,23006
2024,Bexar,63 Years,22760
2024,Bexar,64 Years,22993
2024,Bexar,65 Years,20732
2024,Bexar,66 Years,20872
2024,Bexar,67 Years,19732
2024,Bexar,68 Years,19086
2024,Bexar,69 Years,19060
2024,Bexar,70 Years,17483
2024,Bexar,71 Years,17295
2024,Bexar,72 Years,15963
2024,Bexar,73 Years,15056
2024,Bexar,74 Years,15202
2024,Bexar,75 Years,14031
2024,Bexar,76 Years,13667
2024,Bexar,77 Years,12870
2024,Bexar,78 Years,9524
2024,Bexar,79 Years,9356
2024,Bexar,80 Years,8650
2024,Bexar,81 Years,7939
2024,Bexar,82 Years,6979
2024,Bexar,83 Years,6216
2024,Bexar,84 Years,5583
2024,Bexar,85 Years,4924
2024,Bexar,86 Years,4501
2024,Bexar,87 Years,3961
2024,Bexar,88 Years,3566
2024,Bexar,89 Years,3152
2024,Bexar,90 Years,2486
2024,Bexar,91 Years,2191
2024,Bexar,92 Years,1770
2024,Bexar,93 Years,1470
2024,Bexar,94 Years,1313
2024,Bexar,95+ Years,3793
2024,Borden,< 01 Year,5
2024,Borden,01 Years,2
2024,Borden,02 Years,3
2024,Borden,03 Years,4
2024,Borden,04 Years,7
2024,Borden,05 Years,9
2024,Borden,06 Years,4
2024,Borden,07 Years,5
2024,Borden,08 Years,6
2024,Borden,09 Years,3
2024,Borden,10 Years,16
2024,Borden,11 Years,11
2024,Borden,12 Years,2
2024,Borden,13 Years,9
2024,Borden,14 Years,7
2024,Borden,15 Years,12
2024,Borden,16 Years,7
2024,Borden,17 Years,12
2024,Borden,18 Years,8
2024,Borden,19 Years,14
2024,Borden,20 Years,13
2024,Borden,21 Years,12
2024,Borden,22 Years,7
2024,Borden,23 Years,7
2024,Borden,24 Years,4
2024,Borden,25 Years,8
2024,Borden,26 Years,3
2024,Borden,27 Years,2
2024,Borden,28 Years,1
2024,Borden,29 Years,3
2024,Borden,30 Years,4
2024,Borden,31 Years,3
2024,Borden,32 Years,6
2024,Borden,33 Years,3
2024,Borden,34 Years,11
2024,Borden,35 Years,10
2024,Borden,36 Years,7
2024,Borden,37 Years,3
2024,Borden,38 Years,6
2024,Borden,39 Years,5
2024,Borden,40 Years,4
2024,Borden,41 Years,9
2024,Borden,42 Years,13
2024,Borden,43 Years,3
2024,Borden,44 Years,7
2024,Borden,45 Years,5
2024,Borden,46 Years,7
2024,Borden,47 Years,2
2024,Borden,48 Years,6
2024,Borden,49 Years,4
2024,Borden,50 Years,5
2024,Borden,51 Years,14
2024,Borden,52 Years,5
2024,Borden,53 Years,10
2024,Borden,54 Years,8
2024,Borden,55 Years,18
2024,Borden,56 Years,10
2024,Borden,57 Years,13
2024,Borden,58 Years,5
2024,Borden,59 Years,4
2024,Borden,60 Years,12
2024,Borden,61 Years,9
2024,Borden,62 Years,9
2024,Borden,63 Years,9
2024,Borden,64 Years,11
2024,Borden,65 Years,9
2024,Borden,66 Years,2
2024,Borden,67 Years,17
2024,Borden,68 Years,11
2024,Borden,69 Years,13
2024,Borden,70 Years,4
2024,Borden,71 Years,5
2024,Borden,72 Years,3
2024,Borden,73 Years,19
2024,Borden,74 Years,10
2024,Borden,75 Years,2
2024,Borden,76 Years,6
2024,Borden,77 Years,5
2024,Borden,78 Years,1
2024,Borden,79 Years,10
2024,Borden,80 Years,3
2024,Borden,81 Years,7
2024,Borden,82 Years,1
2024,Borden,83 Years,3
2024,Borden,84 Years,4
2024,Borden,85 Years,4
2024,Borden,86 Years,2
2024,Borden,87 Years,5
2024,Borden,88 Years,1
2024,Borden,89 Years,0
2024,Borden,90 Years,2
2024,Borden,91 Years,0
2024,Borden,92 Years,1
2024,Borden,93 Years,1
2024,Borden,94 Years,5
2024,Borden,95+ Years,1
2024,Brewster,< 01 Year,75
2024,Brewster,01 Years,74
2024,Brewster,02 Years,79
2024,Brewster,03 Years,78
2024,Brewster,04 Years,77
2024,Brewster,05 Years,74
2024,Brewster,06 Years,77
2024,Brewster,07 Years,93
2024,Brewster,08 Years,81
2024,Brewster,09 Years,117
2024,Brewster,10 Years,83
2024,Brewster,11 Years,100
2024,Brewster,12 Years,73
2024,Brewster,13 Years,70
2024,Brewster,14 Years,115
2024,Brewster,15 Years,114
2024,Brewster,16 Years,129
2024,Brewster,17 Years,112
2024,Brewster,18 Years,131
2024,Brewster,19 Years,197
2024,Brewster,20 Years,138
2024,Brewster,21 Years,119
2024,Brewster,22 Years,158
2024,Brewster,23 Years,137
2024,Brewster,24 Years,130
2024,Brewster,25 Years,121
2024,Brewster,26 Years,130
2024,Brewster,27 Years,108
2024,Brewster,28 Years,132
2024,Brewster,29 Years,103
2024,Brewster,30 Years,87
2024,Brewster,31 Years,81
2024,Brewster,32 Years,111
2024,Brewster,33 Years,110
2024,Brewster,34 Years,83
2024,Brewster,35 Years,99
2024,Brewster,36 Years,107
2024,Brewster,37 Years,133
2024,Brewster,38 Years,104
2024,Brewster,39 Years,144
2024,Brewster,40 Years,147
2024,Brewster,41 Years,108
2024,Brewster,42 Years,103
2024,Brewster,43 Years,74
2024,Brewster,44 Years,110
2024,Brewster,45 Years,103
2024,Brewster,46 Years,124
2024,Brewster,47 Years,92
2024,Brewster,48 Years,86
2024,Brewster,49 Years,122
2024,Brewster,50 Years,72
2024,Brewster,51 Years,109
2024,Brewster,52 Years,102
2024,Brewster,53 Years,98
2024,Brewster,54 Years,122
2024,Brewster,55 Years,104
2024,Brewster,56 Years,89
2024,Brewster,57 Years,102
2024,Brewster,58 Years,105
2024,Brewster,59 Years,84
2024,Brewster,60 Years,98
2024,Brewster,61 Years,122
2024,Brewster,62 Years,109
2024,Brewster,63 Years,155
2024,Brewster,64 Years,156
2024,Brewster,65 Years,129
2024,Brewster,66 Years,176
2024,Brewster,67 Years,158
2024,Brewster,68 Years,82
2024,Brewster,69 Years,120
2024,Brewster,70 Years,152
2024,Brewster,71 Years,121
2024,Brewster,72 Years,141
2024,Brewster,73 Years,128
2024,Brewster,74 Years,128
2024,Brewster,75 Years,127
2024,Brewster,76 Years,104
2024,Brewster,77 Years,139
2024,Brewster,78 Years,87
2024,Brewster,79 Years,102
2024,Brewster,80 Years,59
2024,Brewster,81 Years,66
2024,Brewster,82 Years,49
2024,Brewster,83 Years,83
2024,Brewster,84 Years,53
2024,Brewster,85 Years,41
2024,Brewster,86 Years,30
2024,Brewster,87 Years,28
2024,Brewster,88 Years,29
2024,Brewster,89 Years,22
2024,Brewster,90 Years,20
2024,Brewster,91 Years,11
2024,Brewster,92 Years,11
2024,Brewster,93 Years,15
2024,Brewster,94 Years,13
2024,Brewster,95+ Years,29
2024,Brown,< 01 Year,382
2024,Brown,01 Years,402
2024,Brown,02 Years,414
2024,Brown,03 Years,415
2024,Brown,04 Years,400
2024,Brown,05 Years,366
2024,Brown,06 Years,363
2024,Brown,07 Years,392
2024,Brown,08 Years,419
2024,Brown,09 Years,426
2024,Brown,10 Years,479
2024,Brown,11 Years,464
2024,Brown,12 Years,450
2024,Brown,13 Years,469
2024,Brown,14 Years,518
2024,Brown,15 Years,554
2024,Brown,16 Years,609
2024,Brown,17 Years,600
2024,Brown,18 Years,555
2024,Brown,19 Years,509
2024,Brown,20 Years,595
2024,Brown,21 Years,590
2024,Brown,22 Years,565
2024,Brown,23 Years,569
2024,Brown,24 Years,523
2024,Brown,25 Years,493
2024,Brown,26 Years,388
2024,Brown,27 Years,416
2024,Brown,28 Years,359
2024,Brown,29 Years,463
2024,Brown,30 Years,373
2024,Brown,31 Years,437
2024,Brown,32 Years,405
2024,Brown,33 Years,410
2024,Brown,34 Years,480
2024,Brown,35 Years,449
2024,Brown,36 Years,420
2024,Brown,37 Years,446
2024,Brown,38 Years,444
2024,Brown,39 Years,510
2024,Brown,40 Years,460
2024,Brown,41 Years,412
2024,Brown,42 Years,359
2024,Brown,43 Years,379
2024,Brown,44 Years,509
2024,Brown,45 Years,453
2024,Brown,46 Years,416
2024,Brown,47 Years,434
2024,Brown,48 Years,322
2024,Brown,49 Years,518
2024,Brown,50 Years,392
2024,Brown,51 Years,410
2024,Brown,52 Years,445
2024,Brown,53 Years,425
2024,Brown,54 Years,447
2024,Brown,55 Years,398
2024,Brown,56 Years,438
2024,Brown,57 Years,457
2024,Brown,58 Years,436
2024,Brown,59 Years,500
2024,Brown,60 Years,545
2024,Brown,61 Years,547
2024,Brown,62 Years,531
2024,Brown,63 Years,462
2024,Brown,64 Years,583
2024,Brown,65 Years,487
2024,Brown,66 Years,464
2024,Brown,67 Years,491
2024,Brown,68 Years,528
2024,Brown,69 Years,528
2024,Brown,70 Years,457
2024,Brown,71 Years,479
2024,Brown,72 Years,382
2024,Brown,73 Years,477
2024,Brown,74 Years,412
2024,Brown,75 Years,454
2024,Brown,76 Years,428
2024,Brown,77 Years,459
2024,Brown,78 Years,267
2024,Brown,79 Years,259
2024,Brown,80 Years,281
2024,Brown,81 Years,280
2024,Brown,82 Years,230
2024,Brown,83 Years,189
2024,Brown,84 Years,173
2024,Brown,85 Years,153
2024,Brown,86 Years,142
2024,Brown,87 Years,153
2024,Brown,88 Years,112
2024,Brown,89 Years,61
2024,Brown,90 Years,70
2024,Brown,91 Years,61
2024,Brown,92 Years,34
2024,Brown,93 Years,69
2024,Brown,94 Years,8
2024,Brown,95+ Years,140
2024,Carson,< 01 Year,57
2024,Carson,01 Years,53
2024,Carson,02 Years,61
2024,Carson,03 Years,51
2024,Carson,04 Years,40
2024,Carson,05 Years,58
2024,Carson,06 Years,44
2024,Carson,07 Years,76
2024,Carson,08 Years,67
2024,Carson,09 Years,75
2024,Carson,10 Years,79
2024,Carson,11 Years,69
2024,Carson,12 Years,79
2024,Carson,13 Years,92
2024,Carson,14 Years,80
2024,Carson,15 Years,86
2024,Carson,16 Years,99
2024,Carson,17 Years,83
2024,Carson,18 Years,84
2024,Carson,19 Years,94
2024,Carson,20 Years,96
2024,Carson,21 Years,88
2024,Carson,22 Years,75
2024,Carson,23 Years,53
2024,Carson,24 Years,36
2024,Carson,25 Years,48
2024,Carson,26 Years,48
2024,Carson,27 Years,23
2024,Carson,28 Years,78
2024,Carson,29 Years,36
2024,Carson,30 Years,53
2024,Carson,31 Years,69
2024,Carson,32 Years,55
2024,Carson,33 Years,63
2024,Carson,34 Years,52
2024,Carson,35 Years,61
2024,Carson,36 Years,74
2024,Carson,37 Years,70
2024,Carson,38 Years,68
2024,Carson,39 Years,73
2024,Carson,40 Years,44
2024,Carson,41 Years,68
2024,Carson,42 Years,82
2024,Carson,43 Years,72
2024,Carson,44 Years,36
2024,Carson,45 Years,68
2024,Carson,46 Years,69
2024,Carson,47 Years,74
2024,Carson,48 Years,76
2024,Carson,49 Years,79
2024,Carson,50 Years,99
2024,Carson,51 Years,60
2024,Carson,52 Years,53
2024,Carson,53 Years,70
2024,Carson,54 Years,68
2024,Carson,55 Years,69
2024,Carson,56 Years,75
2024,Carson,57 Years,63
2024,Carson,58 Years,52
2024,Carson,59 Years,74
2024,Carson,60 Years,81
2024,Carson,61 Years,74
2024,Carson,62 Years,108
2024,Carson,63 Years,76
2024,Carson,64 Years,116
2024,Carson,65 Years,76
2024,Carson,66 Years,123
2024,Carson,67 Years,76
2024,Carson,68 Years,75
2024,Carson,69 Years,84
2024,Carson,70 Years,82
2024,Carson,71 Years,57
2024,Carson,72 Years,102
2024,Carson,73 Years,36
2024,Carson,74 Years,34
2024,Carson,75 Years,64
2024,Carson,76 Years,56
2024,Carson,77 Years,67
2024,Carson,78 Years,33
2024,Carson,79 Years,24
2024,Carson,80 Years,63
2024,Carson,81 Years,36
2024,Carson,82 Years,34
2024,Carson,83 Years,13
2024,Carson,84 Years,23
2024,Carson,85 Years,25
2024,Carson,86 Years,45
2024,Carson,87 Years,12
2024,Carson,88 Years,9
2024,Carson,89 Years,12
2024,Carson,90 Years,11
2024,Carson,91 Years,19
2024,Carson,92 Years,3
2024,Carson,93 Years,12
2024,Carson,94 Years,4
2024,Carson,95+ Years,7
2024,Cochran,< 01 Year,48
2024,Cochran,01 Years,45
2024,Cochran,02 Years,50
2024,Cochran,03 Years,43
2024,Cochran,04 Years,33
2024,Cochran,05 Years,40
2024,Cochran,06 Years,24
2024,Cochran,07 Years,41
2024,Cochran,08 Years,37
2024,Cochran,09 Years,41
2024,Cochran,10 Years,48
2024,Cochran,11 Years,21
2024,Cochran,12 Years,28
2024,Cochran,13 Years,29
2024,Cochran,14 Years,58
2024,Cochran,15 Years,35
2024,Cochran,16 Years,40
2024,Cochran,17 Years,45
2024,Cochran,18 Years,45
2024,Cochran,19 Years,46
2024,Cochran,20 Years,46
2024,Cochran,21 Years,49
2024,Cochran,22 Years,27
2024,Cochran,23 Years,39
2024,Cochran,24 Years,21
2024,Cochran,25 Years,45
2024,Cochran,26 Years,9
2024,Cochran,27 Years,10
2024,Cochran,28 Years,47
2024,Cochran,29 Years,17
2024,Cochran,30 Years,39
2024,Cochran,31 Years,23
2024,Cochran,32 Years,14
2024,Cochran,33 Years,29
2024,Cochran,34 Years,40
2024,Cochran,35 Years,41
2024,Cochran,36 Years,24
2024,Cochran,37 Years,15
2024,Cochran,38 Years,20
2024,Cochran,39 Years,53
2024,Cochran,40 Years,39
2024,Cochran,41 Years,25
2024,Cochran,42 Years,35
2024,Cochran,43 Years,22
2024,Cochran,44 Years,22
2024,Cochran,45 Years,17
2024,Cochran,46 Years,44
2024,Cochran,47 Years,14
2024,Cochran,48 Years,16
2024,Cochran,49 Years,20
2024,Cochran,50 Years,18
2024,Cochran,51 Years,23
2024,Cochran,52 Years,21
2024,Cochran,53 Years,39
2024,Cochran,54 Years,25
2024,Cochran,55 Years,22
2024,Cochran,56 Years,41
2024,Cochran,57 Years,17
2024,Cochran,58 Years,22
2024,Cochran,59 Years,43
2024,Cochran,60 Years,28
2024,Cochran,61 Years,23
2024,Cochran,62 Years,52
2024,Cochran,63 Years,21
2024,Cochran,64 Years,29
2024,Cochran,65 Years,19
2024,Cochran,66 Years,35
2024,Cochran,67 Years,23
2024,Cochran,68 Years,31
2024,Cochran,69 Years,17
2024,Cochran,70 Years,54
2024,Cochran,71 Years,29
2024,Cochran,72 Years,25
2024,Cochran,73 Years,20
2024,Cochran,74 Years,36
2024,Cochran,75 Years,10
2024,Cochran,76 Years,23
2024,Cochran,77 Years,12
2024,Cochran,78 Years,19
2024,Cochran,79 Years,12
2024,Cochran,80 Years,8
2024,Cochran,81 Years,18
2024,Cochran,82 Years,10
2024,Cochran,83 Years,13
2024,Cochran,84 Years,13
2024,Cochran,85 Years,9
2024,Cochran,86 Years,5
2024,Cochran,87 Years,4
2024,Cochran,88 Years,12
2024,Cochran,89 Years,9
2024,Cochran,90 Years,10
2024,Cochran,91 Years,3
2024,Cochran,92 Years,6
2024,Cochran,93 Years,1
2024,Cochran,94 Years,3
2024,Cochran,95+ Years,7
2024,Collin,< 01 Year,13949
2024,Collin,01 Years,14258
2024,Collin,02 Years,14076
2024,Collin,03 Years,13675
2024,Collin,04 Years,13183
2024,Collin,05 Years,13646
2024,Collin,06 Years,14619
2024,Collin,07 Years,15488
2024,Collin,08 Years,16423
2024,Collin,09 Years,16821
2024,Collin,10 Years,17261
2024,Collin,11 Years,17860
2024,Collin,12 Years,18069
2024,Collin,13 Years,18296
2024,Collin,14 Years,18842
2024,Collin,15 Years,19901
2024,Collin,16 Years,20865
2024,Collin,17 Years,20459
2024,Collin,18 Years,20496
2024,Collin,19 Years,20297
2024,Collin,20 Years,19615
2024,Collin,21 Years,18996
2024,Collin,22 Years,18611
2024,Collin,23 Years,17316
2024,Collin,24 Years,16722
2024,Collin,25 Years,15947
2024,Collin,26 Years,15621
2024,Collin,27 Years,15402
2024,Collin,28 Years,15500
2024,Collin,29 Years,16260
2024,Collin,30 Years,14928
2024,Collin,31 Years,15610
2024,Collin,32 Years,15923
2024,Collin,33 Years,16076
2024,Collin,34 Years,17536
2024,Collin,35 Years,15850
2024,Collin,36 Years,16646
2024,Collin,37 Years,16271
2024,Collin,38 Years,17082
2024,Collin,39 Years,18395
2024,Collin,40 Years,17578
2024,Collin,41 Years,17919
2024,Collin,42 Years,18206
2024,Collin,43 Years,18075
2024,Collin,44 Years,19613
2024,Collin,45 Years,17807
2024,Collin,46 Years,18185
2024,Collin,47 Years,17758
2024,Collin,48 Years,17866
2024,Collin,49 Years,18949
2024,Collin,50 Years,17554
2024,Collin,51 Years,17681
2024,Collin,52 Years,18336
2024,Collin,53 Years,18664
2024,Collin,54 Years,18510
2024,Collin,55 Years,16631
2024,Collin,56 Years,15356
2024,Collin,57 Years,14607
2024,Collin,58 Years,14452
2024,Collin,59 Years,15492
2024,Collin,60 Years,15129
2024,Collin,61 Years,14535
2024,Collin,62 Years,13820
2024,Collin,63 Years,13279
2024,Collin,64 Years,13102
2024,Collin,65 Years,11842
2024,Collin,66 Years,11032
2024,Collin,67 Years,10464
2024,Collin,68 Years,9733
2024,Collin,69 Years,9715
2024,Collin,70 Years,8809
2024,Collin,71 Years,8583
2024,Collin,72 Years,7807
2024,Collin,73 Years,7427
2024,Collin,74 Years,7430
2024,Collin,75 Years,6973
2024,Collin,76 Years,7192
2024,Collin,77 Years,6983
2024,Collin,78 Years,4942
2024,Collin,79 Years,4742
2024,Collin,80 Years,4668
2024,Collin,81 Years,4397
2024,Collin,82 Years,3713
2024,Collin,83 Years,3159
2024,Collin,84 Years,2737
2024,Collin,85 Years,2461
2024,Collin,86 Years,2092
2024,Collin,87 Years,1775
2024,Collin,88 Years,1713
2024,Collin,89 Years,1216
2024,Collin,90 Years,1058
2024,Collin,91 Years,903
2024,Collin,92 Years,651
2024,Collin,93 Years,676
2024,Collin,94 Years,596
2024,Collin,95+ Years,1738
2024,Dallam,< 01 Year,183
2024,Dallam,01 Years,165
2024,Dallam,02 Years,161
2024,Dallam,03 Years,183
2024,Dallam,04 Years,116
2024,Dallam,05 Years,131
2024,Dallam,06 Years,133
2024,Dallam,07 Years,121
2024,Dallam,08 Years,121
2024,Dallam,09 Years,110
2024,Dallam,10 Years,146
2024,Dallam,11 Years,103
2024,Dallam,12 Years,121
2024,Dallam,13 Years,97
2024,Dallam,14 Years,112
2024,Dallam,15 Years,106
2024,Dallam,16 Years,123
2024,Dallam,17 Years,136
2024,Dallam,18 Years,88
2024,Dallam,19 Years,92
2024,Dallam,20 Years,108
2024,Dallam,21 Years,135
2024,Dallam,22 Years,90
2024,Dallam,23 Years,83
2024,Dallam,24 Years,74
2024,Dallam,25 Years,77
2024,Dallam,26 Years,99
2024,Dallam,27 Years,112
2024,Dallam,28 Years,93
2024,Dallam,29 Years,159
2024,Dallam,30 Years,88
2024,Dallam,31 Years,95
2024,Dallam,32 Years,103
2024,Dallam,33 Years,169
2024,Dallam,34 Years,141
2024,Dallam,35 Years,75
2024,Dallam,36 Years,100
2024,Dallam,37 Years,124
2024,Dallam,38 Years,101
2024,Dallam,39 Years,102
2024,Dallam,40 Years,109
2024,Dallam,41 Years,89
2024,Dallam,42 Years,98
2024,Dallam,43 Years,82
2024,Dallam,44 Years,110
2024,Dallam,45 Years,74
2024,Dallam,46 Years,60
2024,Dallam,47 Years,85
2024,Dallam,48 Years,66
2024,Dallam,49 Years,76
2024,Dallam,50 Years,56
2024,Dallam,51 Years,80
2024,Dallam,52 Years,81
2024,Dallam,53 Years,118
2024,Dallam,54 Years,113
2024,Dallam,55 Years,56
2024,Dallam,56 Years,89
2024,Dallam,57 Years,40
2024,Dallam,58 Years,83
2024,Dallam,59 Years,84
2024,Dallam,60 Years,73
2024,Dallam,61 Years,99
2024,Dallam,62 Years,80
2024,Dallam,63 Years,72
2024,Dallam,64 Years,59
2024,Dallam,65 Years,65
2024,Dallam,66 Years,75
2024,Dallam,67 Years,45
2024,Dallam,68 Years,39
2024,Dallam,69 Years,42
2024,Dallam,70 Years,78
2024,Dallam,71 Years,93
2024,Dallam,72 Years,36
2024,Dallam,73 Years,52
2024,Dallam,74 Years,55
2024,Dallam,75 Years,45
2024,Dallam,76 Years,27
2024,Dallam,77 Years,38
2024,Dallam,78 Years,42
2024,Dallam,79 Years,20
2024,Dallam,80 Years,29
2024,Dallam,81 Years,18
2024,Dallam,82 Years,18
2024,Dallam,83 Years,51
2024,Dallam,84 Years,18
2024,Dallam,85 Years,6
2024,Dallam,86 Years,12
2024,Dallam,87 Years,9
2024,Dallam,88 Years,16
2024,Dallam,89 Years,4
2024,Dallam,90 Years,6
2024,Dallam,91 Years,2
2024,Dallam,92 Years,3
2024,Dallam,93 Years,1
2024,Dallam,94 Years,0
2024,Dallam,95+ Years,3
2024,Dawson,< 01 Year,159
2024,Dawson,01 Years,151
2024,Dawson,02 Years,154
2024,Dawson,03 Years,170
2024,Dawson,04 Years,154
2024,Dawson,05 Years,124
2024,Dawson,06 Years,143
2024,Dawson,07 Years,150
2024,Dawson,08 Years,160
2024,Dawson,09 Years,138
2024,Dawson,10 Years,152
2024,Dawson,11 Years,150
2024,Dawson,12 Years,142
2024,Dawson,13 Years,150
2024,Dawson,14 Years,178
2024,Dawson,15 Years,188
2024,Dawson,16 Years,165
2024,Dawson,17 Years,194
2024,Dawson,18 Years,153
2024,Dawson,19 Years,155
2024,Dawson,20 Years,185
2024,Dawson,21 Years,178
2024,Dawson,22 Years,153
2024,Dawson,23 Years,173
2024,Dawson,24 Years,126
2024,Dawson,25 Years,158
2024,Dawson,26 Years,129
2024,Dawson,27 Years,157
2024,Dawson,28 Years,181
2024,Dawson,29 Years,162
2024,Dawson,30 Years,130
2024,Dawson,31 Years,167
2024,Dawson,32 Years,173
2024,Dawson,33 Years,138
2024,Dawson,34 Years,179
2024,Dawson,35 Years,131
2024,Dawson,36 Years,166
2024,Dawson,37 Years,172
2024,Dawson,38 Years,118
2024,Dawson,39 Years,163
2024,Dawson,40 Years,156
2024,Dawson,41 Years,164
2024,Dawson,42 Years,141
2024,Dawson,43 Years,129
2024,Dawson,44 Years,169
2024,Dawson,45 Years,132
2024,Dawson,46 Years,137
2024,Dawson,47 Years,110
2024,Dawson,48 Years,129
2024,Dawson,49 Years,111
2024,Dawson,50 Years,137
2024,Dawson,51 Years,145
2024,Dawson,52 Years,130
2024,Dawson,53 Years,113
2024,Dawson,54 Years,123
2024,Dawson,55 Years,125
2024,Dawson,56 Years,120
2024,Dawson,57 Years,155
2024,Dawson,58 Years,101
2024,Dawson,59 Years,157
2024,Dawson,60 Years,140
2024,Dawson,61 Years,102
2024,Dawson,62 Years,122
2024,Dawson,63 Years,148
2024,Dawson,64 Years,158
2024,Dawson,65 Years,126
2024,Dawson,66 Years,138
2024,Dawson,67 Years,131
2024,Dawson,68 Years,127
2024,Dawson,69 Years,121
2024,Dawson,70 Years,137
2024,Dawson,71 Years,115
2024,Dawson,72 Years,117
2024,Dawson,73 Years,121
2024,Dawson,74 Years,88
2024,Dawson,75 Years,84
2024,Dawson,76 Years,86
2024,Dawson,77 Years,94
2024,Dawson,78 Years,76
2024,Dawson,79 Years,64
2024,Dawson,80 Years,66
2024,Dawson,81 Years,72
2024,Dawson,82 Years,45
2024,Dawson,83 Years,30
2024,Dawson,84 Years,35
2024,Dawson,85 Years,41
2024,Dawson,86 Years,25
2024,Dawson,87 Years,40
2024,Dawson,88 Years,70
2024,Dawson,89 Years,38
2024,Dawson,90 Years,34
2024,Dawson,91 Years,6
2024,Dawson,92 Years,12
2024,Dawson,93 Years,13
2024,Dawson,94 Years,10
2024,Dawson,95+ Years,12
2024,Eastland,< 01 Year,190
2024,Eastland,01 Years,208
2024,Eastland,02 Years,215
2024,Eastland,03 Years,215
2024,Eastland,04 Years,215
2024,Eastland,05 Years,187
2024,Eastland,06 Years,183
2024,Eastland,07 Years,224
2024,Eastland,08 Years,208
2024,Eastland,09 Years,217
2024,Eastland,10 Years,207
2024,Eastland,11 Years,215
2024,Eastland,12 Years,188
2024,Eastland,13 Years,184
2024,Eastland,14 Years,245
2024,Eastland,15 Years,196
2024,Eastland,16 Years,239
2024,Eastland,17 Years,208
2024,Eastland,18 Years,263
2024,Eastland,19 Years,464
2024,Eastland,20 Years,387
2024,Eastland,21 Years,270
2024,Eastland,22 Years,293
2024,Eastland,23 Years,215
2024,Eastland,24 Years,212
2024,Eastland,25 Years,183
2024,Eastland,26 Years,174
2024,Eastland,27 Years,156
2024,Eastland,28 Years,239
2024,Eastland,29 Years,185
2024,Eastland,30 Years,160
2024,Eastland,31 Years,147
2024,Eastland,32 Years,184
2024,Eastland,33 Years,183
2024,Eastland,34 Years,182
2024,Eastland,35 Years,204
2024,Eastland,36 Years,169
2024,Eastland,37 Years,138
2024,Eastland,38 Years,188
2024,Eastland,39 Years,223
2024,Eastland,40 Years,167
2024,Eastland,41 Years,153
2024,Eastland,42 Years,217
2024,Eastland,43 Years,197
2024,Eastland,44 Years,196
2024,Eastland,45 Years,217
2024,Eastland,46 Years,181
2024,Eastland,47 Years,171
2024,Eastland,48 Years,198
2024,Eastland,49 Years,183
2024,Eastland,50 Years,184
2024,Eastland,51 Years,152
2024,Eastland,52 Years,203
2024,Eastland,53 Years,207
2024,Eastland,54 Years,224
2024,Eastland,55 Years,215
2024,Eastland,56 Years,176
2024,Eastland,57 Years,171
2024,Eastland,58 Years,227
2024,Eastland,59 Years,252
2024,Eastland,60 Years,187
2024,Eastland,61 Years,230
2024,Eastland,62 Years,281
2024,Eastland,63 Years,282
2024,Eastland,64 Years,289
2024,Eastland,65 Years,291
2024,Eastland,66 Years,282
2024,Eastland,67 Years,263
2024,Eastland,68 Years,272
2024,Eastland,69 Years,262
2024,Eastland,70 Years,204
2024,Eastland,71 Years,216
2024,Eastland,72 Years,225
2024,Eastland,73 Years,223
2024,Eastland,74 Years,194
2024,Eastland,75 Years,178
2024,Eastland,76 Years,210
2024,Eastland,77 Years,226
2024,Eastland,78 Years,157
2024,Eastland,79 Years,178
2024,Eastland,80 Years,122
2024,Eastland,81 Years,142
2024,Eastland,82 Years,129
2024,Eastland,83 Years,97
2024,Eastland,84 Years,111
2024,Eastland,85 Years,121
2024,Eastland,86 Years,90
2024,Eastland,87 Years,53
2024,Eastland,88 Years,53
2024,Eastland,89 Years,58
2024,Eastland,90 Years,19
2024,Eastland,91 Years,25
2024,Eastland,92 Years,8
2024,Eastland,93 Years,40
2024,Eastland,94 Years,18
2024,Eastland,95+ Years,13
2024,Ector,< 01 Year,3016
2024,Ector,01 Years,2993
2024,Ector,02 Years,2889
2024,Ector,03 Years,2770
2024,Ector,04 Years,2417
2024,Ector,05 Years,2366
2024,Ector,06 Years,2398
2024,Ector,07 Years,2461
2024,Ector,08 Years,2517
2024,Ector,09 Years,2740
2024,Ector,10 Years,2688
2024,Ector,11 Years,2640
2024,Ector,12 Years,2586
2024,Ector,13 Years,2504
2024,Ector,14 Years,2763
2024,Ector,15 Years,2785
2024,Ector,16 Years,2764
2024,Ector,17 Years,2795
2024,Ector,18 Years,2576
2024,Ector,19 Years,2567
2024,Ector,20 Years,2654
2024,Ector,21 Years,2543
2024,Ector,22 Years,2549
2024,Ector,23 Years,2424
2024,Ector,24 Years,2440
2024,Ector,25 Years,2409
2024,Ector,26 Years,2208
2024,Ector,27 Years,2322
2024,Ector,28 Years,2200
2024,Ector,29 Years,2673
2024,Ector,30 Years,2440
2024,Ector,31 Years,2583
2024,Ector,32 Years,2752
2024,Ector,33 Years,2710
2024,Ector,34 Years,3240
2024,Ector,35 Years,2561
2024,Ector,36 Years,2663
2024,Ector,37 Years,2622
2024,Ector,38 Years,2484
2024,Ector,39 Years,2924
2024,Ector,40 Years,2370
2024,Ector,41 Years,2408
2024,Ector,42 Years,2299
2024,Ector,43 Years,2239
2024,Ector,44 Years,2439
2024,Ector,45 Years,1980
2024,Ector,46 Years,1971
2024,Ector,47 Years,1864
2024,Ector,48 Years,1817
2024,Ector,49 Years,2143
2024,Ector,50 Years,1732
2024,Ector,51 Years,1781
2024,Ector,52 Years,1871
2024,Ector,53 Years,1923
2024,Ector,54 Years,2018
2024,Ector,55 Years,1669
2024,Ector,56 Years,1773
2024,Ector,57 Years,1628
2024,Ector,58 Years,1720
2024,Ector,59 Years,1931
2024,Ector,60 Years,1837
2024,Ector,61 Years,1755
2024,Ector,62 Years,1711
2024,Ector,63 Years,1735
2024,Ector,64 Years,1825
2024,Ector,65 Years,1704
2024,Ector,66 Years,1630
2024,Ector,67 Years,1585
2024,Ector,68 Years,1431
2024,Ector,69 Years,1450
2024,Ector,70 Years,1242
2024,Ector,71 Years,1198
2024,Ector,72 Years,1096
2024,Ector,73 Years,911
2024,Ector,74 Years,991
2024,Ector,75 Years,788
2024,Ector,76 Years,869
2024,Ector,77 Years,722
2024,Ector,78 Years,549
2024,Ector,79 Years,530
2024,Ector,80 Years,546
2024,Ector,81 Years,498
2024,Ector,82 Years,386
2024,Ector,83 Years,362
2024,Ector,84 Years,319
2024,Ector,85 Years,322
2024,Ector,86 Years,365
2024,Ector,87 Years,200
2024,Ector,88 Years,253
2024,Ector,89 Years,247
2024,Ector,90 Years,135
2024,Ector,91 Years,168
2024,Ector,92 Years,144
2024,Ector,93 Years,80
2024,Ector,94 Years,100
2024,Ector,95+ Years,350
2024,El Paso,< 01 Year,10683
2024,El Paso,01 Years,11145
2024,El Paso,02 Years,11216
2024,El Paso,03 Years,10984
2024,El Paso,04 Years,10030
2024,El Paso,05 Years,9982
2024,El Paso,06 Years,10507
2024,El Paso,07 Years,11108
2024,El Paso,08 Years,11584
2024,El Paso,09 Years,11827
2024,El Paso,10 Years,11759
2024,El Paso,11 Years,11898
2024,El Paso,12 Years,11995
2024,El Paso,13 Years,12051
2024,El Paso,14 Years,12676
2024,El Paso,15 Years,13449
2024,El Paso,16 Years,13851
2024,El Paso,17 Years,13790
2024,El Paso,18 Years,13958
2024,El Paso,19 Years,14508
2024,El Paso,20 Years,15036
2024,El Paso,21 Years,15291
2024,El Paso,22 Years,14735
2024,El Paso,23 Years,15115
2024,El Paso,24 Years,14578
2024,El Paso,25 Years,14029
2024,El Paso,26 Years,13476
2024,El Paso,27 Years,13029
2024,El Paso,28 Years,13261
2024,El Paso,29 Years,13627
2024,El Paso,30 Years,12846
2024,El Paso,31 Years,12669
2024,El Paso,32 Years,12248
2024,El Paso,33 Years,12083
2024,El Paso,34 Years,12411
2024,El Paso,35 Years,11286
2024,El Paso,36 Years,10817
2024,El Paso,37 Years,10808
2024,El Paso,38 Years,10959
2024,El Paso,39 Years,11253
2024,El Paso,40 Years,10264
2024,El Paso,41 Years,10153
2024,El Paso,42 Years,10223
2024,El Paso,43 Years,9739
2024,El Paso,44 Years,10241
2024,El Paso,45 Years,8884
2024,El Paso,46 Years,9315
2024,El Paso,47 Years,9640
2024,El Paso,48 Years,9527
2024,El Paso,49 Years,10370
2024,El Paso,50 Years,9606
2024,El Paso,51 Years,10292
2024,El Paso,52 Years,10141
2024,El Paso,53 Years,10020
2024,El Paso,54 Years,10524
2024,El Paso,55 Years,9364
2024,El Paso,56 Years,9390
2024,El Paso,57 Years,9283
2024,El Paso,58 Years,9282
2024,El Paso,59 Years,9912
2024,El Paso,60 Years,9551
2024,El Paso,61 Years,9556
2024,El Paso,62 Years,9701
2024,El Paso,63 Years,9672
2024,El Paso,64 Years,10119
2024,El Paso,65 Years,9146
2024,El Paso,66 Years,9001
2024,El Paso,67 Years,8624
2024,El Paso,68 Years,8376
2024,El Paso,69 Years,8353
2024,El Paso,70 Years,7572
2024,El Paso,71 Years,7232
2024,El Paso,72 Years,6798
2024,El Paso,73 Years,6442
2024,El Paso,74 Years,6215
2024,El Paso,75 Years,5711
2024,El Paso,76 Years,5614
2024,El Paso,77 Years,5202
2024,El Paso,78 Years,4135
2024,El Paso,79 Years,3864
2024,El Paso,80 Years,3680
2024,El Paso,81 Years,3333
2024,El Paso,82 Years,3052
2024,El Paso,83 Years,2756
2024,El Paso,84 Years,2760
2024,El Paso,85 Years,2402
2024,El Paso,86 Years,2216
2024,El Paso,87 Years,1842
2024,El Paso,88 Years,1641
2024,El Paso,89 Years,1525
2024,El Paso,90 Years,1242
2024,El Paso,91 Years,1028
2024,El Paso,92 Years,921
2024,El Paso,93 Years,828
2024,El Paso,94 Years,869
2024,El Paso,95+ Years,2618
2024,Erath,< 01 Year,439
2024,Erath,01 Years,468
2024,Erath,02 Years,497
2024,Erath,03 Years,458
2024,Erath,04 Years,402
2024,Erath,05 Years,459
2024,Erath,06 Years,460
2024,Erath,07 Years,476
2024,Erath,08 Years,472
2024,Erath,09 Years,509
2024,Erath,10 Years,517
2024,Erath,11 Years,522
2024,Erath,12 Years,506
2024,Erath,13 Years,472
2024,Erath,14 Years,503
2024,Erath,15 Years,512
2024,Erath,16 Years,506
2024,Erath,17 Years,567
2024,Erath,18 Years,1125
2024,Erath,19 Years,1995
2024,Erath,20 Years,1674
2024,Erath,21 Years,1354
2024,Erath,22 Years,1145
2024,Erath,23 Years,900
2024,Erath,24 Years,729
2024,Erath,25 Years,538
2024,Erath,26 Years,541
2024,Erath,27 Years,541
2024,Erath,28 Years,595
2024,Erath,29 Years,608
2024,Erath,30 Years,512
2024,Erath,31 Years,564
2024,Erath,32 Years,562
2024,Erath,33 Years,564
2024,Erath,34 Years,552
2024,Erath,35 Years,506
2024,Erath,36 Years,516
2024,Erath,37 Years,510
2024,Erath,38 Years,430
2024,Erath,39 Years,528
2024,Erath,40 Years,454
2024,Erath,41 Years,457
2024,Erath,42 Years,423
2024,Erath,43 Years,498
2024,Erath,44 Years,458
2024,Erath,45 Years,416
2024,Erath,46 Years,431
2024,Erath,47 Years,419
2024,Erath,48 Years,359
2024,Erath,49 Years,438
2024,Erath,50 Years,371
2024,Erath,51 Years,386
2024,Erath,52 Years,397
2024,Erath,53 Years,388
2024,Erath,54 Years,470
2024,Erath,55 Years,395
2024,Erath,56 Years,349
2024,Erath,57 Years,460
2024,Erath,58 Years,421
2024,Erath,59 Years,460
2024,Erath,60 Years,468
2024,Erath,61 Years,399
2024,Erath,62 Years,461
2024,Erath,63 Years,446
2024,Erath,64 Years,492
2024,Erath,65 Years,456
2024,Erath,66 Years,431
2024,Erath,67 Years,414
2024,Erath,68 Years,434
2024,Erath,69 Years,424
2024,Erath,70 Years,434
2024,Erath,71 Years,375
2024,Erath,72 Years,343
2024,Erath,73 Years,325
2024,Erath,74 Years,349
2024,Erath,75 Years,321
2024,Erath,76 Years,385
2024,Erath,77 Years,361
2024,Erath,78 Years,218
2024,Erath,79 Years,222
2024,Erath,80 Years,249
2024,Erath,81 Years,205
2024,Erath,82 Years,160
2024,Erath,83 Years,158
2024,Erath,84 Years,137
2024,Erath,85 Years,108
2024,Erath,86 Years,109
2024,Erath,87 Years,89
2024,Erath,88 Years,89
2024,Erath,89 Years,81
2024,Erath,90 Years,103
2024,Erath,91 Years,35
2024,Erath,92 Years,68
2024,Erath,93 Years,55
2024,Erath,94 Years,34
2024,Erath,95+ Years,112
2024,Fannin,< 01 Year,395
2024,Fannin,01 Years,385
2024,Fannin,02 Years,386
2024,Fannin,03 Years,407
2024,Fannin,04 Years,377
2024,Fannin,05 Years,333
2024,Fannin,06 Years,385
2024,Fannin,07 Years,409
2024,Fannin,08 Years,443
2024,Fannin,09 Years,462
2024,Fannin,10 Years,436
2024,Fannin,11 Years,486
2024,Fannin,12 Years,416
2024,Fannin,13 Years,486
2024,Fannin,14 Years,476
2024,Fannin,15 Years,509
2024,Fannin,16 Years,538
2024,Fannin,17 Years,515
2024,Fannin,18 Years,542
2024,Fannin,19 Years,543
2024,Fannin,20 Years,586
2024,Fannin,21 Years,582
2024,Fannin,22 Years,505
2024,Fannin,23 Years,493
2024,Fannin,24 Years,438
2024,Fannin,25 Years,476
2024,Fannin,26 Years,458
2024,Fannin,27 Years,420
2024,Fannin,28 Years,489
2024,Fannin,29 Years,499
2024,Fannin,30 Years,463
2024,Fannin,31 Years,475
2024,Fannin,32 Years,471
2024,Fannin,33 Years,511
2024,Fannin,34 Years,527
2024,Fannin,35 Years,483
2024,Fannin,36 Years,452
2024,Fannin,37 Years,481
2024,Fannin,38 Years,492
2024,Fannin,39 Years,543
2024,Fannin,40 Years,486
2024,Fannin,41 Years,529
2024,Fannin,42 Years,470
2024,Fannin,43 Years,486
2024,Fannin,44 Years,567
2024,Fannin,45 Years,476
2024,Fannin,46 Years,427
2024,Fannin,47 Years,450
2024,Fannin,48 Years,387
2024,Fannin,49 Years,503
2024,Fannin,50 Years,447
2024,Fannin,51 Years,433
2024,Fannin,52 Years,458
2024,Fannin,53 Years,443
2024,Fannin,54 Years,478
2024,Fannin,55 Years,427
2024,Fannin,56 Years,475
2024,Fannin,57 Years,476
2024,Fannin,58 Years,474
2024,Fannin,59 Years,581
2024,Fannin,60 Years,494
2024,Fannin,61 Years,533
2024,Fannin,62 Years,503
2024,Fannin,63 Years,546
2024,Fannin,64 Years,592
2024,Fannin,65 Years,496
2024,Fannin,66 Years,489
2024,Fannin,67 Years,475
2024,Fannin,68 Years,458
2024,Fannin,69 Years,451
2024,Fannin,70 Years,418
2024,Fannin,71 Years,409
2024,Fannin,72 Years,397
2024,Fannin,73 Years,350
2024,Fannin,74 Years,395
2024,Fannin,75 Years,401
2024,Fannin,76 Years,351
2024,Fannin,77 Years,344
2024,Fannin,78 Years,241
2024,Fannin,79 Years,296
2024,Fannin,80 Years,248
2024,Fannin,81 Years,205
2024,Fannin,82 Years,211
2024,Fannin,83 Years,165
2024,Fannin,84 Years,189
2024,Fannin,85 Years,151
2024,Fannin,86 Years,137
2024,Fannin,87 Years,102
2024,Fannin,88 Years,89
2024,Fannin,89 Years,102
2024,Fannin,90 Years,69
2024,Fannin,91 Years,71
2024,Fannin,92 Years,24
2024,Fannin,93 Years,38
2024,Fannin,94 Years,30
2024,Fannin,95+ Years,88
2024,Gaines,< 01 Year,526
2024,Gaines,01 Years,491
2024,Gaines,02 Years,451
2024,Gaines,03 Years,453
2024,Gaines,04 Years,391
2024,Gaines,05 Years,417
2024,Gaines,06 Years,404
2024,Gaines,07 Years,396
2024,Gaines,08 Years,454
2024,Gaines,09 Years,387
2024,Gaines,10 Years,404
2024,Gaines,11 Years,395
2024,Gaines,12 Years,412
2024,Gaines,13 Years,413
2024,Gaines,14 Years,447
2024,Gaines,15 Years,413
2024,Gaines,16 Years,420
2024,Gaines,17 Years,408
2024,Gaines,18 Years,427
2024,Gaines,19 Years,449
2024,Gaines,20 Years,388
2024,Gaines,21 Years,447
2024,Gaines,22 Years,374
2024,Gaines,23 Years,366
2024,Gaines,24 Years,330
2024,Gaines,25 Years,314
2024,Gaines,26 Years,341
2024,Gaines,27 Years,328
2024,Gaines,28 Years,323
2024,Gaines,29 Years,360
2024,Gaines,30 Years,331
2024,Gaines,31 Years,322
2024,Gaines,32 Years,268
2024,Gaines,33 Years,285
2024,Gaines,34 Years,261
2024,Gaines,35 Years,295
2024,Gaines,36 Years,327
2024,Gaines,37 Years,284
2024,Gaines,38 Years,317
2024,Gaines,39 Years,297
2024,Gaines,40 Years,252
2024,Gaines,41 Years,205
2024,Gaines,42 Years,298
2024,Gaines,43 Years,277
2024,Gaines,44 Years,251
2024,Gaines,45 Years,255
2024,Gaines,46 Years,258
2024,Gaines,47 Years,216
2024,Gaines,48 Years,234
2024,Gaines,49 Years,230
2024,Gaines,50 Years,232
2024,Gaines,51 Years,178
2024,Gaines,52 Years,237
2024,Gaines,53 Years,208
2024,Gaines,54 Years,260
2024,Gaines,55 Years,197
2024,Gaines,56 Years,215
2024,Gaines,57 Years,189
2024,Gaines,58 Years,196
2024,Gaines,59 Years,236
2024,Gaines,60 Years,254
2024,Gaines,61 Years,197
2024,Gaines,62 Years,191
2024,Gaines,63 Years,249
2024,Gaines,64 Years,188
2024,Gaines,65 Years,201
2024,Gaines,66 Years,171
2024,Gaines,67 Years,165
2024,Gaines,68 Years,139
2024,Gaines,69 Years,154
2024,Gaines,70 Years,154
2024,Gaines,71 Years,107
2024,Gaines,72 Years,160
2024,Gaines,73 Years,100
2024,Gaines,74 Years,76
2024,Gaines,75 Years,104
2024,Gaines,76 Years,109
2024,Gaines,77 Years,91
2024,Gaines,78 Years,67
2024,Gaines,79 Years,49
2024,Gaines,80 Years,42
2024,Gaines,81 Years,55
2024,Gaines,82 Years,42
2024,Gaines,83 Years,66
2024,Gaines,84 Years,33
2024,Gaines,85 Years,70
2024,Gaines,86 Years,32
2024,Gaines,87 Years,39
2024,Gaines,88 Years,29
2024,Gaines,89 Years,25
2024,Gaines,90 Years,18
2024,Gaines,91 Years,28
2024,Gaines,92 Years,11
2024,Gaines,93 Years,6
2024,Gaines,94 Years,3
2024,Gaines,95+ Years,25
2024,Garza,< 01 Year,49
2024,Garza,01 Years,45
2024,Garza,02 Years,49
2024,Garza,03 Years,45
2024,Garza,04 Years,38
2024,Garza,05 Years,50
2024,Garza,06 Years,48
2024,Garza,07 Years,40
2024,Garza,08 Years,52
2024,Garza,09 Years,49
2024,Garza,10 Years,54
2024,Garza,11 Years,39
2024,Garza,12 Years,41
2024,Garza,13 Years,51
2024,Garza,14 Years,55
2024,Garza,15 Years,72
2024,Garza,16 Years,71
2024,Garza,17 Years,69
2024,Garza,18 Years,67
2024,Garza,19 Years,53
2024,Garza,20 Years,71
2024,Garza,21 Years,80
2024,Garza,22 Years,73
2024,Garza,23 Years,68
2024,Garza,24 Years,46
2024,Garza,25 Years,60
2024,Garza,26 Years,99
2024,Garza,27 Years,86
2024,Garza,28 Years,79
2024,Garza,29 Years,87
2024,Garza,30 Years,86
2024,Garza,31 Years,67
2024,Garza,32 Years,85
2024,Garza,33 Years,85
2024,Garza,34 Years,98
2024,Garza,35 Years,95
2024,Garza,36 Years,94
2024,Garza,37 Years,88
2024,Garza,38 Years,104
2024,Garza,39 Years,105
2024,Garza,40 Years,74
2024,Garza,41 Years,81
2024,Garza,42 Years,99
2024,Garza,43 Years,105
2024,Garza,44 Years,96
2024,Garza,45 Years,88
2024,Garza,46 Years,78
2024,Garza,47 Years,90
2024,Garza,48 Years,86
2024,Garza,49 Years,89
2024,Garza,50 Years,60
2024,Garza,51 Years,92
2024,Garza,52 Years,54
2024,Garza,53 Years,67
2024,Garza,54 Years,55
2024,Garza,55 Years,81
2024,Garza,56 Years,60
2024,Garza,57 Years,66
2024,Garza,58 Years,57
2024,Garza,59 Years,71
2024,Garza,60 Years,48
2024,Garza,61 Years,54
2024,Garza,62 Years,66
2024,Garza,63 Years,66
2024,Garza,64 Years,67
2024,Garza,65 Years,66
2024,Garza,66 Years,52
2024,Garza,67 Years,53
2024,Garza,68 Years,64
2024,Garza,69 Years,43
2024,Garza,70 Years,57
2024,Garza,71 Years,45
2024,Garza,72 Years,56
2024,Garza,73 Years,27
2024,Garza,74 Years,59
2024,Garza,75 Years,34
2024,Garza,76 Years,45
2024,Garza,77 Years,16
2024,Garza,78 Years,25
2024,Garza,79 Years,23
2024,Garza,80 Years,21
2024,Garza,81 Years,30
2024,Garza,82 Years,38
2024,Garza,83 Years,32
2024,Garza,84 Years,14
2024,Garza,85 Years,15
2024,Garza,86 Years,16
2024,Garza,87 Years,41
2024,Garza,88 Years,19
2024,Garza,89 Years,19
2024,Garza,90 Years,5
2024,Garza,91 Years,10
2024,Garza,92 Years,3
2024,Garza,93 Years,0
2024,Garza,94 Years,1
2024,Garza,95+ Years,4
2024,Hale,< 01 Year,395
2024,Hale,01 Years,418
2024,Hale,02 Years,414
2024,Hale,03 Years,403
2024,Hale,04 Years,384
2024,Hale,05 Years,375
2024,Hale,06 Years,354
2024,Hale,07 Years,395
2024,Hale,08 Years,400
2024,Hale,09 Years,422
2024,Hale,10 Years,425
2024,Hale,11 Years,389
2024,Hale,12 Years,460
2024,Hale,13 Years,479
2024,Hale,14 Years,534
2024,Hale,15 Years,500
2024,Hale,16 Years,528
2024,Hale,17 Years,556
2024,Hale,18 Years,470
2024,Hale,19 Years,489
2024,Hale,20 Years,577
2024,Hale,21 Years,491
2024,Hale,22 Years,528
2024,Hale,23 Years,483
2024,Hale,24 Years,476
2024,Hale,25 Years,385
2024,Hale,26 Years,428
2024,Hale,27 Years,388
2024,Hale,28 Years,398
2024,Hale,29 Years,336
2024,Hale,30 Years,362
2024,Hale,31 Years,370
2024,Hale,32 Years,426
2024,Hale,33 Years,371
2024,Hale,34 Years,409
2024,Hale,35 Years,396
2024,Hale,36 Years,433
2024,Hale,37 Years,379
2024,Hale,38 Years,397
2024,Hale,39 Years,421
2024,Hale,40 Years,339
2024,Hale,41 Years,334
2024,Hale,42 Years,378
2024,Hale,43 Years,360
2024,Hale,44 Years,415
2024,Hale,45 Years,358
2024,Hale,46 Years,313
2024,Hale,47 Years,310
2024,Hale,48 Years,322
2024,Hale,49 Years,372
2024,Hale,50 Years,323
2024,Hale,51 Years,338
2024,Hale,52 Years,396
2024,Hale,53 Years,298
2024,Hale,54 Years,417
2024,Hale,55 Years,346
2024,Hale,56 Years,366
2024,Hale,57 Years,315
2024,Hale,58 Years,320
2024,Hale,59 Years,408
2024,Hale,60 Years,386
2024,Hale,61 Years,364
2024,Hale,62 Years,404
2024,Hale,63 Years,389
2024,Hale,64 Years,419
2024,Hale,65 Years,353
2024,Hale,66 Years,391
2024,Hale,67 Years,344
2024,Hale,68 Years,367
2024,Hale,69 Years,353
2024,Hale,70 Years,327
2024,Hale,71 Years,304
2024,Hale,72 Years,251
2024,Hale,73 Years,266
2024,Hale,74 Years,253
2024,Hale,75 Years,274
2024,Hale,76 Years,258
2024,Hale,77 Years,184
2024,Hale,78 Years,150
2024,Hale,79 Years,184
2024,Hale,80 Years,155
2024,Hale,81 Years,177
2024,Hale,82 Years,179
2024,Hale,83 Years,121
2024,Hale,84 Years,151
2024,Hale,85 Years,108
2024,Hale,86 Years,64
2024,Hale,87 Years,56
2024,Hale,88 Years,48
2024,Hale,89 Years,85
2024,Hale,90 Years,45
2024,Hale,91 Years,56
2024,Hale,92 Years,25
2024,Hale,93 Years,34
2024,Hale,94 Years,31
2024,Hale,95+ Years,16
2024,Hardeman,< 01 Year,33
2024,Hardeman,01 Years,31
2024,Hardeman,02 Years,38
2024,Hardeman,03 Years,41
2024,Hardeman,04 Years,33
2024,Hardeman,05 Years,27
2024,Hardeman,06 Years,36
2024,Hardeman,07 Years,44
2024,Hardeman,08 Years,34
2024,Hardeman,09 Years,52
2024,Hardeman,10 Years,54
2024,Hardeman,11 Years,48
2024,Hardeman,12 Years,38
2024,Hardeman,13 Years,45
2024,Hardeman,14 Years,48
2024,Hardeman,15 Years,51
2024,Hardeman,16 Years,42
2024,Hardeman,17 Years,38
2024,Hardeman,18 Years,43
2024,Hardeman,19 Years,48
2024,Hardeman,20 Years,54
2024,Hardeman,21 Years,29
2024,Hardeman,22 Years,45
2024,Hardeman,23 Years,45
2024,Hardeman,24 Years,41
2024,Hardeman,25 Years,21
2024,Hardeman,26 Years,16
2024,Hardeman,27 Years,46
2024,Hardeman,28 Years,41
2024,Hardeman,29 Years,16
2024,Hardeman,30 Years,11
2024,Hardeman,31 Years,19
2024,Hardeman,32 Years,40
2024,Hardeman,33 Years,52
2024,Hardeman,34 Years,8
2024,Hardeman,35 Years,27
2024,Hardeman,36 Years,23
2024,Hardeman,37 Years,71
2024,Hardeman,38 Years,40
2024,Hardeman,39 Years,30
2024,Hardeman,40 Years,46
2024,Hardeman,41 Years,49
2024,Hardeman,42 Years,67
2024,Hardeman,43 Years,37
2024,Hardeman,44 Years,25
2024,Hardeman,45 Years,26
2024,Hardeman,46 Years,53
2024,Hardeman,47 Years,47
2024,Hardeman,48 Years,28
2024,Hardeman,49 Years,38
2024,Hardeman,50 Years,30
2024,Hardeman,51 Years,46
2024,Hardeman,52 Years,18
2024,Hardeman,53 Years,54
2024,Hardeman,54 Years,23
2024,Hardeman,55 Years,50
2024,Hardeman,56 Years,31
2024,Hardeman,57 Years,39
2024,Hardeman,58 Years,52
2024,Hardeman,59 Years,28
2024,Hardeman,60 Years,58
2024,Hardeman,61 Years,45
2024,Hardeman,62 Years,22
2024,Hardeman,63 Years,33
2024,Hardeman,64 Years,65
2024,Hardeman,65 Years,25
2024,Hardeman,66 Years,61
2024,Hardeman,67 Years,43
2024,Hardeman,68 Years,67
2024,Hardeman,69 Years,62
2024,Hardeman,70 Years,62
2024,Hardeman,71 Years,45
2024,Hardeman,72 Years,40
2024,Hardeman,73 Years,41
2024,Hardeman,74 Years,40
2024,Hardeman,75 Years,40
2024,Hardeman,76 Years,39
2024,Hardeman,77 Years,47
2024,Hardeman,78 Years,28
2024,Hardeman,79 Years,23
2024,Hardeman,80 Years,44
2024,Hardeman,81 Years,30
2024,Hardeman,82 Years,21
2024,Hardeman,83 Years,10
2024,Hardeman,84 Years,10
2024,Hardeman,85 Years,36
2024,Hardeman,86 Years,15
2024,Hardeman,87 Years,13
2024,Hardeman,88 Years,9
2024,Hardeman,89 Years,14
2024,Hardeman,90 Years,5
2024,Hardeman,91 Years,14
2024,Hardeman,92 Years,5
2024,Hardeman,93 Years,0
2024,Hardeman,94 Years,3
2024,Hardeman,95+ Years,14
2024,Hockley,< 01 Year,288
2024,Hockley,01 Years,290
2024,Hockley,02 Years,282
2024,Hockley,03 Years,281
2024,Hockley,04 Years,248
2024,Hockley,05 Years,260
2024,Hockley,06 Years,269
2024,Hockley,07 Years,254
2024,Hockley,08 Years,311
2024,Hockley,09 Years,287
2024,Hockley,10 Years,280
2024,Hockley,11 Years,347
2024,Hockley,12 Years,303
2024,Hockley,13 Years,329
2024,Hockley,14 Years,314
2024,Hockley,15 Years,375
2024,Hockley,16 Years,358
2024,Hockley,17 Years,346
2024,Hockley,18 Years,338
2024,Hockley,19 Years,317
2024,Hockley,20 Years,346
2024,Hockley,21 Years,321
2024,Hockley,22 Years,310
2024,Hockley,23 Years,369
2024,Hockley,24 Years,303
2024,Hockley,25 Years,260
2024,Hockley,26 Years,229
2024,Hockley,27 Years,241
2024,Hockley,28 Years,162
2024,Hockley,29 Years,237
2024,Hockley,30 Years,234
2024,Hockley,31 Years,243
2024,Hockley,32 Years,256
2024,Hockley,33 Years,222
2024,Hockley,34 Years,240
2024,Hockley,35 Years,224
2024,Hockley,36 Years,248
2024,Hockley,37 Years,225
2024,Hockley,38 Years,300
2024,Hockley,39 Years,253
2024,Hockley,40 Years,283
2024,Hockley,41 Years,258
2024,Hockley,42 Years,239
2024,Hockley,43 Years,298
2024,Hockley,44 Years,292
2024,Hockley,45 Years,282
2024,Hockley,46 Years,221
2024,Hockley,47 Years,233
2024,Hockley,48 Years,193
2024,Hockley,49 Years,197
2024,Hockley,50 Years,210
2024,Hockley,51 Years,218
2024,Hockley,52 Years,230
2024,Hockley,53 Years,249
2024,Hockley,54 Years,274
2024,Hockley,55 Years,209
2024,Hockley,56 Years,234
2024,Hockley,57 Years,201
2024,Hockley,58 Years,267
2024,Hockley,59 Years,259
2024,Hockley,60 Years,265
2024,Hockley,61 Years,268
2024,Hockley,62 Years,299
2024,Hockley,63 Years,293
2024,Hockley,64 Years,288
2024,Hockley,65 Years,269
2024,Hockley,66 Years,295
2024,Hockley,67 Years,263
2024,Hockley,68 Years,256
2024,Hockley,69 Years,192
2024,Hockley,70 Years,277
2024,Hockley,71 Years,245
2024,Hockley,72 Years,229
2024,Hockley,73 Years,156
2024,Hockley,74 Years,186
2024,Hockley,75 Years,173
2024,Hockley,76 Years,133
2024,Hockley,77 Years,164
2024,Hockley,78 Years,126
2024,Hockley,79 Years,117
2024,Hockley,80 Years,115
2024,Hockley,81 Years,126
2024,Hockley,82 Years,76
2024,Hockley,83 Years,94
2024,Hockley,84 Years,99
2024,Hockley,85 Years,85
2024,Hockley,86 Years,67
2024,Hockley,87 Years,64
2024,Hockley,88 Years,54
2024,Hockley,89 Years,56
2024,Hockley,90 Years,33
2024,Hockley,91 Years,18
2024,Hockley,92 Years,26
2024,Hockley,93 Years,12
2024,Hockley,94 Years,6
2024,Hockley,95+ Years,10
2024,Lamar,< 01 Year,619
2024,Lamar,01 Years,647
2024,Lamar,02 Years,654
2024,Lamar,03 Years,661
2024,Lamar,04 Years,541
2024,Lamar,05 Years,610
2024,Lamar,06 Years,618
2024,Lamar,07 Years,643
2024,Lamar,08 Years,675
2024,Lamar,09 Years,732
2024,Lamar,10 Years,697
2024,Lamar,11 Years,632
2024,Lamar,12 Years,655
2024,Lamar,13 Years,656
2024,Lamar,14 Years,682
2024,Lamar,15 Years,679
2024,Lamar,16 Years,748
2024,Lamar,17 Years,708
2024,Lamar,18 Years,688
2024,Lamar,19 Years,710
2024,Lamar,20 Years,659
2024,Lamar,21 Years,692
2024,Lamar,22 Years,631
2024,Lamar,23 Years,660
2024,Lamar,24 Years,654
2024,Lamar,25 Years,597
2024,Lamar,26 Years,569
2024,Lamar,27 Years,550
2024,Lamar,28 Years,538
2024,Lamar,29 Years,606
2024,Lamar,30 Years,542
2024,Lamar,31 Years,543
2024,Lamar,32 Years,712
2024,Lamar,33 Years,595
2024,Lamar,34 Years,683
2024,Lamar,35 Years,605
2024,Lamar,36 Years,599
2024,Lamar,37 Years,566
2024,Lamar,38 Years,572
2024,Lamar,39 Years,614
2024,Lamar,40 Years,526
2024,Lamar,41 Years,517
2024,Lamar,42 Years,598
2024,Lamar,43 Years,579
2024,Lamar,44 Years,657
2024,Lamar,45 Years,554
2024,Lamar,46 Years,584
2024,Lamar,47 Years,491
2024,Lamar,48 Years,470
2024,Lamar,49 Years,625
2024,Lamar,50 Years,483
2024,Lamar,51 Years,512
2024,Lamar,52 Years,612
2024,Lamar,53 Years,704
2024,Lamar,54 Years,674
2024,Lamar,55 Years,699
2024,Lamar,56 Years,619
2024,Lamar,57 Years,574
2024,Lamar,58 Years,645
2024,Lamar,59 Years,612
2024,Lamar,60 Years,680
2024,Lamar,61 Years,711
2024,Lamar,62 Years,679
2024,Lamar,63 Years,670
2024,Lamar,64 Years,735
2024,Lamar,65 Years,617
2024,Lamar,66 Years,661
2024,Lamar,67 Years,581
2024,Lamar,68 Years,574
2024,Lamar,69 Years,654
2024,Lamar,70 Years,526
2024,Lamar,71 Years,504
2024,Lamar,72 Years,545
2024,Lamar,73 Years,517
2024,Lamar,74 Years,527
2024,Lamar,75 Years,525
2024,Lamar,76 Years,457
2024,Lamar,77 Years,535
2024,Lamar,78 Years,381
2024,Lamar,79 Years,396
2024,Lamar,80 Years,400
2024,Lamar,81 Years,345
2024,Lamar,82 Years,300
2024,Lamar,83 Years,287
2024,Lamar,84 Years,206
2024,Lamar,85 Years,197
2024,Lamar,86 Years,199
2024,Lamar,87 Years,174
2024,Lamar,88 Years,114
2024,Lamar,89 Years,138
2024,Lamar,90 Years,95
2024,Lamar,91 Years,63
2024,Lamar,92 Years,75
2024,Lamar,93 Years,30
2024,Lamar,94 Years,51
2024,Lamar,95+ Years,34
2024,Lamb,< 01 Year,154
2024,Lamb,01 Years,160
2024,Lamb,02 Years,161
2024,Lamb,03 Years,167
2024,Lamb,04 Years,108
2024,Lamb,05 Years,153
2024,Lamb,06 Years,157
2024,Lamb,07 Years,150
2024,Lamb,08 Years,203
2024,Lamb,09 Years,184
2024,Lamb,10 Years,178
2024,Lamb,11 Years,180
2024,Lamb,12 Years,206
2024,Lamb,13 Years,200
2024,Lamb,14 Years,250
2024,Lamb,15 Years,216
2024,Lamb,16 Years,197
2024,Lamb,17 Years,205
2024,Lamb,18 Years,202
2024,Lamb,19 Years,196
2024,Lamb,20 Years,217
2024,Lamb,21 Years,188
2024,Lamb,22 Years,155
2024,Lamb,23 Years,153
2024,Lamb,24 Years,124
2024,Lamb,25 Years,129
2024,Lamb,26 Years,131
2024,Lamb,27 Years,111
2024,Lamb,28 Years,152
2024,Lamb,29 Years,150
2024,Lamb,30 Years,156
2024,Lamb,31 Years,108
2024,Lamb,32 Years,115
2024,Lamb,33 Years,107
2024,Lamb,34 Years,173
2024,Lamb,35 Years,134
2024,Lamb,36 Years,134
2024,Lamb,37 Years,135
2024,Lamb,38 Years,143
2024,Lamb,39 Years,169
2024,Lamb,40 Years,145
2024,Lamb,41 Years,167
2024,Lamb,42 Years,123
2024,Lamb,43 Years,149
2024,Lamb,44 Years,186
2024,Lamb,45 Years,94
2024,Lamb,46 Years,134
2024,Lamb,47 Years,96
2024,Lamb,48 Years,134
2024,Lamb,49 Years,138
2024,Lamb,50 Years,116
2024,Lamb,51 Years,100
2024,Lamb,52 Years,154
2024,Lamb,53 Years,124
2024,Lamb,54 Years,169
2024,Lamb,55 Years,163
2024,Lamb,56 Years,132
2024,Lamb,57 Years,154
2024,Lamb,58 Years,141
2024,Lamb,59 Years,160
2024,Lamb,60 Years,152
2024,Lamb,61 Years,156
2024,Lamb,62 Years,153
2024,Lamb,63 Years,154
2024,Lamb,64 Years,168
2024,Lamb,65 Years,167
2024,Lamb,66 Years,177
2024,Lamb,67 Years,185
2024,Lamb,68 Years,117
2024,Lamb,69 Years,153
2024,Lamb,70 Years,111
2024,Lamb,71 Years,146
2024,Lamb,72 Years,108
2024,Lamb,73 Years,105
2024,Lamb,74 Years,117
2024,Lamb,75 Years,82
2024,Lamb,76 Years,102
2024,Lamb,77 Years,67
2024,Lamb,78 Years,142
2024,Lamb,79 Years,86
2024,Lamb,80 Years,60
2024,Lamb,81 Years,71
2024,Lamb,82 Years,86
2024,Lamb,83 Years,66
2024,Lamb,84 Years,75
2024,Lamb,85 Years,65
2024,Lamb,86 Years,59
2024,Lamb,87 Years,36
2024,Lamb,88 Years,55
2024,Lamb,89 Years,38
2024,Lamb,90 Years,41
2024,Lamb,91 Years,10
2024,Lamb,92 Years,10
2024,Lamb,93 Years,26
2024,Lamb,94 Years,16
2024,Lamb,95+ Years,14
2024,Lubbock,< 01 Year,4131
2024,Lubbock,01 Years,4165
2024,Lubbock,02 Years,4185
2024,Lubbock,03 Years,4118
2024,Lubbock,04 Years,3962
2024,Lubbock,05 Years,3957
2024,Lubbock,06 Years,4066
2024,Lubbock,07 Years,4084
2024,Lubbock,08 Years,4131
2024,Lubbock,09 Years,4276
2024,Lubbock,10 Years,4158
2024,Lubbock,11 Years,4055
2024,Lubbock,12 Years,4051
2024,Lubbock,13 Years,4204
2024,Lubbock,14 Years,4395
2024,Lubbock,15 Years,4374
2024,Lubbock,16 Years,4633
2024,Lubbock,17 Years,4662
2024,Lubbock,18 Years,8232
2024,Lubbock,19 Years,6016
2024,Lubbock,20 Years,7199
2024,Lubbock,21 Years,6911
2024,Lubbock,22 Years,6707
2024,Lubbock,23 Years,5863
2024,Lubbock,24 Years,5453
2024,Lubbock,25 Years,4703
2024,Lubbock,26 Years,4704
2024,Lubbock,27 Years,4678
2024,Lubbock,28 Years,4581
2024,Lubbock,29 Years,5200
2024,Lubbock,30 Years,4874
2024,Lubbock,31 Years,4942
2024,Lubbock,32 Years,4860
2024,Lubbock,33 Years,4578
2024,Lubbock,34 Years,4842
2024,Lubbock,35 Years,4271
2024,Lubbock,36 Years,4345
2024,Lubbock,37 Years,4390
2024,Lubbock,38 Years,4340
2024,Lubbock,39 Years,4614
2024,Lubbock,40 Years,4128
2024,Lubbock,41 Years,4223
2024,Lubbock,42 Years,4076
2024,Lubbock,43 Years,3881
2024,Lubbock,44 Years,4451
2024,Lubbock,45 Years,3618
2024,Lubbock,46 Years,3593
2024,Lubbock,47 Years,3380
2024,Lubbock,48 Years,3286
2024,Lubbock,49 Years,3402
2024,Lubbock,50 Years,3158
2024,Lubbock,51 Years,3013
2024,Lubbock,52 Years,3355
2024,Lubbock,53 Years,3411
2024,Lubbock,54 Years,3519
2024,Lubbock,55 Years,3142
2024,Lubbock,56 Years,2988
2024,Lubbock,57 Years,3060
2024,Lubbock,58 Years,3307
2024,Lubbock,59 Years,3520
2024,Lubbock,60 Years,3511
2024,Lubbock,61 Years,3330
2024,Lubbock,62 Years,3378
2024,Lubbock,63 Years,3499
2024,Lubbock,64 Years,3547
2024,Lubbock,65 Years,3244
2024,Lubbock,66 Years,3222
2024,Lubbock,67 Years,3258
2024,Lubbock,68 Years,3109
2024,Lubbock,69 Years,3172
2024,Lubbock,70 Years,2899
2024,Lubbock,71 Years,2775
2024,Lubbock,72 Years,2573
2024,Lubbock,73 Years,2500
2024,Lubbock,74 Years,2213
2024,Lubbock,75 Years,2065
2024,Lubbock,76 Years,1997
2024,Lubbock,77 Years,1924
2024,Lubbock,78 Years,1498
2024,Lubbock,79 Years,1480
2024,Lubbock,80 Years,1373
2024,Lubbock,81 Years,1244
2024,Lubbock,82 Years,1094
2024,Lubbock,83 Years,943
2024,Lubbock,84 Years,824
2024,Lubbock,85 Years,806
2024,Lubbock,86 Years,723
2024,Lubbock,87 Years,627
2024,Lubbock,88 Years,632
2024,Lubbock,89 Years,614
2024,Lubbock,90 Years,392
2024,Lubbock,91 Years,321
2024,Lubbock,92 Years,294
2024,Lubbock,93 Years,175
2024,Lubbock,94 Years,132
2024,Lubbock,95+ Years,33
2024,Lynn,< 01 Year,97
2024,Lynn,01 Years,98
2024,Lynn,02 Years,95
2024,Lynn,03 Years,80
2024,Lynn,04 Years,83
2024,Lynn,05 Years,59
2024,Lynn,06 Years,71
2024,Lynn,07 Years,99
2024,Lynn,08 Years,83
2024,Lynn,09 Years,91
2024,Lynn,10 Years,106
2024,Lynn,11 Years,106
2024,Lynn,12 Years,88
2024,Lynn,13 Years,83
2024,Lynn,14 Years,100
2024,Lynn,15 Years,105
2024,Lynn,16 Years,100
2024,Lynn,17 Years,123
2024,Lynn,18 Years,89
2024,Lynn,19 Years,101
2024,Lynn,20 Years,93
2024,Lynn,21 Years,92
2024,Lynn,22 Years,80
2024,Lynn,23 Years,29
2024,Lynn,24 Years,54
2024,Lynn,25 Years,49
2024,Lynn,26 Years,38
2024,Lynn,27 Years,48
2024,Lynn,28 Years,46
2024,Lynn,29 Years,72
2024,Lynn,30 Years,37
2024,Lynn,31 Years,36
2024,Lynn,32 Years,55
2024,Lynn,33 Years,78
2024,Lynn,34 Years,96
2024,Lynn,35 Years,92
2024,Lynn,36 Years,63
2024,Lynn,37 Years,55
2024,Lynn,38 Years,83
2024,Lynn,39 Years,60
2024,Lynn,40 Years,89
2024,Lynn,41 Years,87
2024,Lynn,42 Years,71
2024,Lynn,43 Years,109
2024,Lynn,44 Years,62
2024,Lynn,45 Years,81
2024,Lynn,46 Years,88
2024,Lynn,47 Years,63
2024,Lynn,48 Years,49
2024,Lynn,49 Years,84
2024,Lynn,50 Years,62
2024,Lynn,51 Years,82
2024,Lynn,52 Years,44
2024,Lynn,53 Years,30
2024,Lynn,54 Years,103
2024,Lynn,55 Years,93
2024,Lynn,56 Years,39
2024,Lynn,57 Years,64
2024,Lynn,58 Years,45
2024,Lynn,59 Years,83
2024,Lynn,60 Years,80
2024,Lynn,61 Years,96
2024,Lynn,62 Years,97
2024,Lynn,63 Years,82
2024,Lynn,64 Years,68
2024,Lynn,65 Years,76
2024,Lynn,66 Years,60
2024,Lynn,67 Years,56
2024,Lynn,68 Years,93
2024,Lynn,69 Years,89
2024,Lynn,70 Years,68
2024,Lynn,71 Years,47
2024,Lynn,72 Years,62
2024,Lynn,73 Years,37
2024,Lynn,74 Years,49
2024,Lynn,75 Years,49
2024,Lynn,76 Years,39
2024,Lynn,77 Years,46
2024,Lynn,78 Years,31
2024,Lynn,79 Years,37
2024,Lynn,80 Years,47
2024,Lynn,81 Years,28
2024,Lynn,82 Years,39
2024,Lynn,83 Years,14
2024,Lynn,84 Years,21
2024,Lynn,85 Years,32
2024,Lynn,86 Years,24
2024,Lynn,87 Years,30
2024,Lynn,88 Years,1
2024,Lynn,89 Years,16
2024,Lynn,90 Years,16
2024,Lynn,91 Years,4
2024,Lynn,92 Years,19
2024,Lynn,93 Years,3
2024,Lynn,94 Years,0
2024,Lynn,95+ Years,11
2024,Martin,< 01 Year,72
2024,Martin,01 Years,64
2024,Martin,02 Years,65
2024,Martin,03 Years,77
2024,Martin,04 Years,57
2024,Martin,05 Years,69
2024,Martin,06 Years,73
2024,Martin,07 Years,80
2024,Martin,08 Years,73
2024,Martin,09 Years,90
2024,Martin,10 Years,83
2024,Martin,11 Years,86
2024,Martin,12 Years,81
2024,Martin,13 Years,84
2024,Martin,14 Years,98
2024,Martin,15 Years,86
2024,Martin,16 Years,117
2024,Martin,17 Years,87
2024,Martin,18 Years,68
2024,Martin,19 Years,91
2024,Martin,20 Years,79
2024,Martin,21 Years,67
2024,Martin,22 Years,63
2024,Martin,23 Years,73
2024,Martin,24 Years,36
2024,Martin,25 Years,65
2024,Martin,26 Years,55
2024,Martin,27 Years,52
2024,Martin,28 Years,38
2024,Martin,29 Years,26
2024,Martin,30 Years,48
2024,Martin,31 Years,71
2024,Martin,32 Years,51
2024,Martin,33 Years,61
2024,Martin,34 Years,87
2024,Martin,35 Years,77
2024,Martin,36 Years,86
2024,Martin,37 Years,57
2024,Martin,38 Years,67
2024,Martin,39 Years,69
2024,Martin,40 Years,83
2024,Martin,41 Years,85
2024,Martin,42 Years,71
2024,Martin,43 Years,50
2024,Martin,44 Years,64
2024,Martin,45 Years,52
2024,Martin,46 Years,41
2024,Martin,47 Years,84
2024,Martin,48 Years,35
2024,Martin,49 Years,53
2024,Martin,50 Years,26
2024,Martin,51 Years,69
2024,Martin,52 Years,56
2024,Martin,53 Years,71
2024,Martin,54 Years,51
2024,Martin,55 Years,80
2024,Martin,56 Years,40
2024,Martin,57 Years,46
2024,Martin,58 Years,57
2024,Martin,59 Years,52
2024,Martin,60 Years,68
2024,Martin,61 Years,65
2024,Martin,62 Years,82
2024,Martin,63 Years,66
2024,Martin,64 Years,69
2024,Martin,65 Years,69
2024,Martin,66 Years,57
2024,Martin,67 Years,47
2024,Martin,68 Years,69
2024,Martin,69 Years,39
2024,Martin,70 Years,59
2024,Martin,71 Years,24
2024,Martin,72 Years,45
2024,Martin,73 Years,28
2024,Martin,74 Years,43
2024,Martin,75 Years,37
2024,Martin,76 Years,31
2024,Martin,77 Years,29
2024,Martin,78 Years,30
2024,Martin,79 Years,19
2024,Martin,80 Years,20
2024,Martin,81 Years,38
2024,Martin,82 Years,13
2024,Martin,83 Years,27
2024,Martin,84 Years,17
2024,Martin,85 Years,26
2024,Martin,86 Years,18
2024,Martin,87 Years,8
2024,Martin,88 Years,8
2024,Martin,89 Years,3
2024,Martin,90 Years,0
2024,Martin,91 Years,8
2024,Martin,92 Years,8
2024,Martin,93 Years,9
2024,Martin,94 Years,0
2024,Martin,95+ Years,9
2024,Mclennan,< 01 Year,3291
2024,Mclennan,01 Years,3361
2024,Mclennan,02 Years,3363
2024,Mclennan,03 Years,3323
2024,Mclennan,04 Years,3190
2024,Mclennan,05 Years,3298
2024,Mclennan,06 Years,3420
2024,Mclennan,07 Years,3410
2024,Mclennan,08 Years,3561
2024,Mclennan,09 Years,3697
2024,Mclennan,10 Years,3807
2024,Mclennan,11 Years,3576
2024,Mclennan,12 Years,3550
2024,Mclennan,13 Years,3544
2024,Mclennan,14 Years,3736
2024,Mclennan,15 Years,3605
2024,Mclennan,16 Years,3628
2024,Mclennan,17 Years,3728
2024,Mclennan,18 Years,5052
2024,Mclennan,19 Years,6428
2024,Mclennan,20 Years,5541
2024,Mclennan,21 Years,5343
2024,Mclennan,22 Years,4703
2024,Mclennan,23 Years,3710
2024,Mclennan,24 Years,3735
2024,Mclennan,25 Years,3700
2024,Mclennan,26 Years,3681
2024,Mclennan,27 Years,3785
2024,Mclennan,28 Years,3750
2024,Mclennan,29 Years,3714
2024,Mclennan,30 Years,3426
2024,Mclennan,31 Years,3522
2024,Mclennan,32 Years,3525
2024,Mclennan,33 Years,3403
2024,Mclennan,34 Years,3632
2024,Mclennan,35 Years,3420
2024,Mclennan,36 Years,3469
2024,Mclennan,37 Years,3337
2024,Mclennan,38 Years,3353
2024,Mclennan,39 Years,3519
2024,Mclennan,40 Years,3248
2024,Mclennan,41 Years,3193
2024,Mclennan,42 Years,3274
2024,Mclennan,43 Years,3179
2024,Mclennan,44 Years,3492
2024,Mclennan,45 Years,2926
2024,Mclennan,46 Years,3058
2024,Mclennan,47 Years,2702
2024,Mclennan,48 Years,2755
2024,Mclennan,49 Years,2984
2024,Mclennan,50 Years,2688
2024,Mclennan,51 Years,2739
2024,Mclennan,52 Years,2804
2024,Mclennan,53 Years,2883
2024,Mclennan,54 Years,2928
2024,Mclennan,55 Years,2666
2024,Mclennan,56 Years,2713
2024,Mclennan,57 Years,2688
2024,Mclennan,58 Years,2695
2024,Mclennan,59 Years,3111
2024,Mclennan,60 Years,2894
2024,Mclennan,61 Years,2936
2024,Mclennan,62 Years,3117
2024,Mclennan,63 Years,2949
2024,Mclennan,64 Years,3001
2024,Mclennan,65 Years,2875
2024,Mclennan,66 Years,2773
2024,Mclennan,67 Years,2757
2024,Mclennan,68 Years,2674
2024,Mclennan,69 Years,2691
2024,Mclennan,70 Years,2445
2024,Mclennan,71 Years,2589
2024,Mclennan,72 Years,2296
2024,Mclennan,73 Years,2171
2024,Mclennan,74 Years,2178
2024,Mclennan,75 Years,1984
2024,Mclennan,76 Years,1989
2024,Mclennan,77 Years,1883
2024,Mclennan,78 Years,1283
2024,Mclennan,79 Years,1316
2024,Mclennan,80 Years,1254
2024,Mclennan,81 Years,1226
2024,Mclennan,82 Years,1056
2024,Mclennan,83 Years,883
2024,Mclennan,84 Years,858
2024,Mclennan,85 Years,703
2024,Mclennan,86 Years,685
2024,Mclennan,87 Years,581
2024,Mclennan,88 Years,537
2024,Mclennan,89 Years,454
2024,Mclennan,90 Years,366
2024,Mclennan,91 Years,336
2024,Mclennan,92 Years,339
2024,Mclennan,93 Years,283
2024,Mclennan,94 Years,251
2024,Mclennan,95+ Years,737
2024,Midland,< 01 Year,3091
2024,Midland,01 Years,3020
2024,Midland,02 Years,2915
2024,Midland,03 Years,2912
2024,Midland,04 Years,2574
2024,Midland,05 Years,2606
2024,Midland,06 Years,2739
2024,Midland,07 Years,2816
2024,Midland,08 Years,2922
2024,Midland,09 Years,2888
2024,Midland,10 Years,2849
2024,Midland,11 Years,2854
2024,Midland,12 Years,2679
2024,Midland,13 Years,2761
2024,Midland,14 Years,2777
2024,Midland,15 Years,2774
2024,Midland,16 Years,2764
2024,Midland,17 Years,2578
2024,Midland,18 Years,2586
2024,Midland,19 Years,2444
2024,Midland,20 Years,2417
2024,Midland,21 Years,2376
2024,Midland,22 Years,2247
2024,Midland,23 Years,2236
2024,Midland,24 Years,2110
2024,Midland,25 Years,2221
2024,Midland,26 Years,2078
2024,Midland,27 Years,2311
2024,Midland,28 Years,2440
2024,Midland,29 Years,2735
2024,Midland,30 Years,2794
2024,Midland,31 Years,2798
2024,Midland,32 Years,3021
2024,Midland,33 Years,3028
2024,Midland,34 Years,3270
2024,Midland,35 Years,2964
2024,Midland,36 Years,3016
2024,Midland,37 Years,3136
2024,Midland,38 Years,2951
2024,Midland,39 Years,3115
2024,Midland,40 Years,2896
2024,Midland,41 Years,2708
2024,Midland,42 Years,2667
2024,Midland,43 Years,2396
2024,Midland,44 Years,2618
2024,Midland,45 Years,2191
2024,Midland,46 Years,2230
2024,Midland,47 Years,1949
2024,Midland,48 Years,1874
2024,Midland,49 Years,2232
2024,Midland,50 Years,1742
2024,Midland,51 Years,1659
2024,Midland,52 Years,1912
2024,Midland,53 Years,1852
2024,Midland,54 Years,2081
2024,Midland,55 Years,1710
2024,Midland,56 Years,1707
2024,Midland,57 Years,1668
2024,Midland,58 Years,1710
2024,Midland,59 Years,1890
2024,Midland,60 Years,1795
2024,Midland,61 Years,1936
2024,Midland,62 Years,1906
2024,Midland,63 Years,2004
2024,Midland,64 Years,1919
2024,Midland,65 Years,1868
2024,Midland,66 Years,1773
2024,Midland,67 Years,1730
2024,Midland,68 Years,1716
2024,Midland,69 Years,1530
2024,Midland,70 Years,1449
2024,Midland,71 Years,1238
2024,Midland,72 Years,1148
2024,Midland,73 Years,1080
2024,Midland,74 Years,939
2024,Midland,75 Years,816
2024,Midland,76 Years,811
2024,Midland,77 Years,760
2024,Midland,78 Years,582
2024,Midland,79 Years,566
2024,Midland,80 Years,513
2024,Midland,81 Years,539
2024,Midland,82 Years,426
2024,Midland,83 Years,370
2024,Midland,84 Years,365
2024,Midland,85 Years,327
2024,Midland,86 Years,333
2024,Midland,87 Years,247
2024,Midland,88 Years,282
2024,Midland,89 Years,242
2024,Midland,90 Years,219
2024,Midland,91 Years,154
2024,Midland,92 Years,107
2024,Midland,93 Years,124
2024,Midland,94 Years,65
2024,Midland,95+ Years,102
2024,Parmer,< 01 Year,118
2024,Parmer,01 Years,134
2024,Parmer,02 Years,134
2024,Parmer,03 Years,146
2024,Parmer,04 Years,123
2024,Parmer,05 Years,114
2024,Parmer,06 Years,140
2024,Parmer,07 Years,145
2024,Parmer,08 Years,160
2024,Parmer,09 Years,147
2024,Parmer,10 Years,122
2024,Parmer,11 Years,126
2024,Parmer,12 Years,162
2024,Parmer,13 Years,136
2024,Parmer,14 Years,136
2024,Parmer,15 Years,161
2024,Parmer,16 Years,177
2024,Parmer,17 Years,177
2024,Parmer,18 Years,158
2024,Parmer,19 Years,153
2024,Parmer,20 Years,137
2024,Parmer,21 Years,153
2024,Parmer,22 Years,175
2024,Parmer,23 Years,109
2024,Parmer,24 Years,145
2024,Parmer,25 Years,124
2024,Parmer,26 Years,110
2024,Parmer,27 Years,121
2024,Parmer,28 Years,122
2024,Parmer,29 Years,124
2024,Parmer,30 Years,100
2024,Parmer,31 Years,115
2024,Parmer,32 Years,117
2024,Parmer,33 Years,146
2024,Parmer,34 Years,87
2024,Parmer,35 Years,90
2024,Parmer,36 Years,128
2024,Parmer,37 Years,106
2024,Parmer,38 Years,109
2024,Parmer,39 Years,122
2024,Parmer,40 Years,64
2024,Parmer,41 Years,111
2024,Parmer,42 Years,120
2024,Parmer,43 Years,91
2024,Parmer,44 Years,110
2024,Parmer,45 Years,79
2024,Parmer,46 Years,60
2024,Parmer,47 Years,85
2024,Parmer,48 Years,99
2024,Parmer,49 Years,110
2024,Parmer,50 Years,117
2024,Parmer,51 Years,105
2024,Parmer,52 Years,76
2024,Parmer,53 Years,76
2024,Parmer,54 Years,111
2024,Parmer,55 Years,125
2024,Parmer,56 Years,76
2024,Parmer,57 Years,93
2024,Parmer,58 Years,136
2024,Parmer,59 Years,85
2024,Parmer,60 Years,139
2024,Parmer,61 Years,145
2024,Parmer,62 Years,135
2024,Parmer,63 Years,95
2024,Parmer,64 Years,95
2024,Parmer,65 Years,96
2024,Parmer,66 Years,86
2024,Parmer,67 Years,78
2024,Parmer,68 Years,89
2024,Parmer,69 Years,108
2024,Parmer,70 Years,73
2024,Parmer,71 Years,65
2024,Parmer,72 Years,91
2024,Parmer,73 Years,81
2024,Parmer,74 Years,66
2024,Parmer,75 Years,70
2024,Parmer,76 Years,48
2024,Parmer,77 Years,62
2024,Parmer,78 Years,20
2024,Parmer,79 Years,59
2024,Parmer,80 Years,59
2024,Parmer,81 Years,58
2024,Parmer,82 Years,24
2024,Parmer,83 Years,54
2024,Parmer,84 Years,42
2024,Parmer,85 Years,49
2024,Parmer,86 Years,30
2024,Parmer,87 Years,21
2024,Parmer,88 Years,30
2024,Parmer,89 Years,23
2024,Parmer,90 Years,10
2024,Parmer,91 Years,1
2024,Parmer,92 Years,17
2024,Parmer,93 Years,5
2024,Parmer,94 Years,2
2024,Parmer,95+ Years,14
2024,Potter,< 01 Year,1465
2024,Potter,01 Years,1549
2024,Potter,02 Years,1566
2024,Potter,03 Years,1563
2024,Potter,04 Years,1357
2024,Potter,05 Years,1354
2024,Potter,06 Years,1412
2024,Potter,07 Years,1530
2024,Potter,08 Years,1572
2024,Potter,09 Years,1566
2024,Potter,10 Years,1689
2024,Potter,11 Years,1727
2024,Potter,12 Years,1693
2024,Potter,13 Years,1628
2024,Potter,14 Years,1756
2024,Potter,15 Years,1699
2024,Potter,16 Years,1782
2024,Potter,17 Years,1786
2024,Potter,18 Years,1762
2024,Potter,19 Years,1766
2024,Potter,20 Years,1793
2024,Potter,21 Years,1759
2024,Potter,22 Years,1619
2024,Potter,23 Years,1527
2024,Potter,24 Years,1452
2024,Potter,25 Years,1605
2024,Potter,26 Years,1619
2024,Potter,27 Years,1647
2024,Potter,28 Years,1577
2024,Potter,29 Years,1525
2024,Potter,30 Years,1559
2024,Potter,31 Years,1579
2024,Potter,32 Years,1606
2024,Potter,33 Years,1552
2024,Potter,34 Years,1692
2024,Potter,35 Years,1620
2024,Potter,36 Years,1592
2024,Potter,37 Years,1470
2024,Potter,38 Years,1561
2024,Potter,39 Years,1615
2024,Potter,40 Years,1504
2024,Potter,41 Years,1548
2024,Potter,42 Years,1600
2024,Potter,43 Years,1604
2024,Potter,44 Years,1564
2024,Potter,45 Years,1356
2024,Potter,46 Years,1327
2024,Potter,47 Years,1275
2024,Potter,48 Years,1353
2024,Potter,49 Years,1376
2024,Potter,50 Years,1268
2024,Potter,51 Years,1200
2024,Potter,52 Years,1399
2024,Potter,53 Years,1380
2024,Potter,54 Years,1505
2024,Potter,55 Years,1223
2024,Potter,56 Years,1301
2024,Potter,57 Years,1231
2024,Potter,58 Years,1319
2024,Potter,59 Years,1472
2024,Potter,60 Years,1416
2024,Potter,61 Years,1247
2024,Potter,62 Years,1383
2024,Potter,63 Years,1332
2024,Potter,64 Years,1421
2024,Potter,65 Years,1246
2024,Potter,66 Years,1197
2024,Potter,67 Years,1232
2024,Potter,68 Years,1292
2024,Potter,69 Years,1220
2024,Potter,70 Years,1076
2024,Potter,71 Years,1094
2024,Potter,72 Years,970
2024,Potter,73 Years,911
2024,Potter,74 Years,848
2024,Potter,75 Years,782
2024,Potter,76 Years,762
2024,Potter,77 Years,679
2024,Potter,78 Years,485
2024,Potter,79 Years,430
2024,Potter,80 Years,531
2024,Potter,81 Years,435
2024,Potter,82 Years,383
2024,Potter,83 Years,400
2024,Potter,84 Years,342
2024,Potter,85 Years,335
2024,Potter,86 Years,322
2024,Potter,87 Years,260
2024,Potter,88 Years,270
2024,Potter,89 Years,184
2024,Potter,90 Years,148
2024,Potter,91 Years,123
2024,Potter,92 Years,130
2024,Potter,93 Years,101
2024,Potter,94 Years,80
2024,Potter,95+ Years,72
2024,Randall,< 01 Year,1731
2024,Randall,01 Years,1755
2024,Randall,02 Years,1789
2024,Randall,03 Years,1739
2024,Randall,04 Years,1662
2024,Randall,05 Years,1703
2024,Randall,06 Years,1780
2024,Randall,07 Years,1855
2024,Randall,08 Years,1938
2024,Randall,09 Years,2080
2024,Randall,10 Years,2024
2024,Randall,11 Years,2020
2024,Randall,12 Years,2040
2024,Randall,13 Years,2057
2024,Randall,14 Years,2117
2024,Randall,15 Years,2332
2024,Randall,16 Years,2280
2024,Randall,17 Years,2299
2024,Randall,18 Years,2226
2024,Randall,19 Years,2236
2024,Randall,20 Years,2235
2024,Randall,21 Years,2095
2024,Randall,22 Years,2147
2024,Randall,23 Years,2330
2024,Randall,24 Years,2395
2024,Randall,25 Years,2143
2024,Randall,26 Years,2178
2024,Randall,27 Years,2001
2024,Randall,28 Years,1939
2024,Randall,29 Years,2007
2024,Randall,30 Years,1902
2024,Randall,31 Years,1934
2024,Randall,32 Years,2020
2024,Randall,33 Years,2118
2024,Randall,34 Years,2169
2024,Randall,35 Years,1982
2024,Randall,36 Years,1983
2024,Randall,37 Years,1922
2024,Randall,38 Years,2055
2024,Randall,39 Years,2091
2024,Randall,40 Years,1973
2024,Randall,41 Years,2029
2024,Randall,42 Years,1978
2024,Randall,43 Years,2046
2024,Randall,44 Years,1989
2024,Randall,45 Years,1841
2024,Randall,46 Years,1795
2024,Randall,47 Years,1639
2024,Randall,48 Years,1705
2024,Randall,49 Years,1753
2024,Randall,50 Years,1498
2024,Randall,51 Years,1592
2024,Randall,52 Years,1652
2024,Randall,53 Years,1741
2024,Randall,54 Years,1681
2024,Randall,55 Years,1568
2024,Randall,56 Years,1573
2024,Randall,57 Years,1480
2024,Randall,58 Years,1583
2024,Randall,59 Years,1731
2024,Randall,60 Years,1807
2024,Randall,61 Years,1777
2024,Randall,62 Years,1655
2024,Randall,63 Years,1745
2024,Randall,64 Years,1765
2024,Randall,65 Years,1794
2024,Randall,66 Years,1790
2024,Randall,67 Years,1797
2024,Randall,68 Years,1585
2024,Randall,69 Years,1669
2024,Randall,70 Years,1483
2024,Randall,71 Years,1578
2024,Randall,72 Years,1489
2024,Randall,73 Years,1206
2024,Randall,74 Years,1240
2024,Randall,75 Years,1135
2024,Randall,76 Years,1154
2024,Randall,77 Years,1173
2024,Randall,78 Years,762
2024,Randall,79 Years,755
2024,Randall,80 Years,730
2024,Randall,81 Years,671
2024,Randall,82 Years,602
2024,Randall,83 Years,538
2024,Randall,84 Years,553
2024,Randall,85 Years,480
2024,Randall,86 Years,384
2024,Randall,87 Years,302
2024,Randall,88 Years,277
2024,Randall,89 Years,223
2024,Randall,90 Years,161
2024,Randall,91 Years,204
2024,Randall,92 Years,63
2024,Randall,93 Years,58
2024,Randall,94 Years,62
2024,Randall,95+ Years,29
2024,Reeves,< 01 Year,195
2024,Reeves,01 Years,181
2024,Reeves,02 Years,178
2024,Reeves,03 Years,193
2024,Reeves,04 Years,166
2024,Reeves,05 Years,160
2024,Reeves,06 Years,143
2024,Reeves,07 Years,142
2024,Reeves,08 Years,179
2024,Reeves,09 Years,175
2024,Reeves,10 Years,169
2024,Reeves,11 Years,174
2024,Reeves,12 Years,154
2024,Reeves,13 Years,168
2024,Reeves,14 Years,189
2024,Reeves,15 Years,202
2024,Reeves,16 Years,222
2024,Reeves,17 Years,181
2024,Reeves,18 Years,166
2024,Reeves,19 Years,177
2024,Reeves,20 Years,203
2024,Reeves,21 Years,214
2024,Reeves,22 Years,192
2024,Reeves,23 Years,212
2024,Reeves,24 Years,182
2024,Reeves,25 Years,192
2024,Reeves,26 Years,225
2024,Reeves,27 Years,222
2024,Reeves,28 Years,216
2024,Reeves,29 Years,257
2024,Reeves,30 Years,252
2024,Reeves,31 Years,250
2024,Reeves,32 Years,233
2024,Reeves,33 Years,257
2024,Reeves,34 Years,258
2024,Reeves,35 Years,307
2024,Reeves,36 Years,230
2024,Reeves,37 Years,282
2024,Reeves,38 Years,283
2024,Reeves,39 Years,246
2024,Reeves,40 Years,247
2024,Reeves,41 Years,246
2024,Reeves,42 Years,252
2024,Reeves,43 Years,252
2024,Reeves,44 Years,237
2024,Reeves,45 Years,208
2024,Reeves,46 Years,202
2024,Reeves,47 Years,209
2024,Reeves,48 Years,189
2024,Reeves,49 Years,212
2024,Reeves,50 Years,181
2024,Reeves,51 Years,137
2024,Reeves,52 Years,159
2024,Reeves,53 Years,183
2024,Reeves,54 Years,206
2024,Reeves,55 Years,151
2024,Reeves,56 Years,137
2024,Reeves,57 Years,161
2024,Reeves,58 Years,173
2024,Reeves,59 Years,135
2024,Reeves,60 Years,164
2024,Reeves,61 Years,117
2024,Reeves,62 Years,161
2024,Reeves,63 Years,136
2024,Reeves,64 Years,160
2024,Reeves,65 Years,146
2024,Reeves,66 Years,150
2024,Reeves,67 Years,144
2024,Reeves,68 Years,135
2024,Reeves,69 Years,110
2024,Reeves,70 Years,111
2024,Reeves,71 Years,124
2024,Reeves,72 Years,129
2024,Reeves,73 Years,69
2024,Reeves,74 Years,93
2024,Reeves,75 Years,98
2024,Reeves,76 Years,86
2024,Reeves,77 Years,66
2024,Reeves,78 Years,47
2024,Reeves,79 Years,84
2024,Reeves,80 Years,89
2024,Reeves,81 Years,51
2024,Reeves,82 Years,57
2024,Reeves,83 Years,41
2024,Reeves,84 Years,56
2024,Reeves,85 Years,57
2024,Reeves,86 Years,21
2024,Reeves,87 Years,40
2024,Reeves,88 Years,39
2024,Reeves,89 Years,36
2024,Reeves,90 Years,9
2024,Reeves,91 Years,24
2024,Reeves,92 Years,13
2024,Reeves,93 Years,22
2024,Reeves,94 Years,11
2024,Reeves,95+ Years,19
2024,Rockwall,< 01 Year,1636
2024,Rockwall,01 Years,1636
2024,Rockwall,02 Years,1566
2024,Rockwall,03 Years,1459
2024,Rockwall,04 Years,1372
2024,Rockwall,05 Years,1559
2024,Rockwall,06 Years,1526
2024,Rockwall,07 Years,1705
2024,Rockwall,08 Years,1849
2024,Rockwall,09 Years,1880
2024,Rockwall,10 Years,1881
2024,Rockwall,11 Years,1929
2024,Rockwall,12 Years,2015
2024,Rockwall,13 Years,1993
2024,Rockwall,14 Years,2126
2024,Rockwall,15 Years,2062
2024,Rockwall,16 Years,2275
2024,Rockwall,17 Years,2346
2024,Rockwall,18 Years,2264
2024,Rockwall,19 Years,2200
2024,Rockwall,20 Years,2382
2024,Rockwall,21 Years,2195
2024,Rockwall,22 Years,1971
2024,Rockwall,23 Years,1887
2024,Rockwall,24 Years,1674
2024,Rockwall,25 Years,1554
2024,Rockwall,26 Years,1525
2024,Rockwall,27 Years,1374
2024,Rockwall,28 Years,1436
2024,Rockwall,29 Years,1359
2024,Rockwall,30 Years,1294
2024,Rockwall,31 Years,1485
2024,Rockwall,32 Years,1381
2024,Rockwall,33 Years,1454
2024,Rockwall,34 Years,1655
2024,Rockwall,35 Years,1397
2024,Rockwall,36 Years,1601
2024,Rockwall,37 Years,1620
2024,Rockwall,38 Years,1716
2024,Rockwall,39 Years,1896
2024,Rockwall,40 Years,1774
2024,Rockwall,41 Years,1926
2024,Rockwall,42 Years,1822
2024,Rockwall,43 Years,1922
2024,Rockwall,44 Years,2038
2024,Rockwall,45 Years,1828
2024,Rockwall,46 Years,1854
2024,Rockwall,47 Years,1900
2024,Rockwall,48 Years,1848
2024,Rockwall,49 Years,1892
2024,Rockwall,50 Years,1810
2024,Rockwall,51 Years,1678
2024,Rockwall,52 Years,1887
2024,Rockwall,53 Years,1955
2024,Rockwall,54 Years,1936
2024,Rockwall,55 Years,1723
2024,Rockwall,56 Years,1650
2024,Rockwall,57 Years,1558
2024,Rockwall,58 Years,1526
2024,Rockwall,59 Years,1632
2024,Rockwall,60 Years,1741
2024,Rockwall,61 Years,1675
2024,Rockwall,62 Years,1523
2024,Rockwall,63 Years,1604
2024,Rockwall,64 Years,1679
2024,Rockwall,65 Years,1358
2024,Rockwall,66 Years,1347
2024,Rockwall,67 Years,1299
2024,Rockwall,68 Years,1287
2024,Rockwall,69 Years,1215
2024,Rockwall,70 Years,1075
2024,Rockwall,71 Years,1062
2024,Rockwall,72 Years,943
2024,Rockwall,73 Years,1020
2024,Rockwall,74 Years,838
2024,Rockwall,75 Years,904
2024,Rockwall,76 Years,898
2024,Rockwall,77 Years,852
2024,Rockwall,78 Years,576
2024,Rockwall,79 Years,554
2024,Rockwall,80 Years,569
2024,Rockwall,81 Years,535
2024,Rockwall,82 Years,427
2024,Rockwall,83 Years,446
2024,Rockwall,84 Years,384
2024,Rockwall,85 Years,311
2024,Rockwall,86 Years,205
2024,Rockwall,87 Years,187
2024,Rockwall,88 Years,201
2024,Rockwall,89 Years,159
2024,Rockwall,90 Years,162
2024,Rockwall,91 Years,109
2024,Rockwall,92 Years,111
2024,Rockwall,93 Years,93
2024,Rockwall,94 Years,34
2024,Rockwall,95+ Years,250
2024,Terry,< 01 Year,172
2024,Terry,01 Years,180
2024,Terry,02 Years,177
2024,Terry,03 Years,160
2024,Terry,04 Years,145
2024,Terry,05 Years,161
2024,Terry,06 Years,164
2024,Terry,07 Years,151
2024,Terry,08 Years,174
2024,Terry,09 Years,209
2024,Terry,10 Years,187
2024,Terry,11 Years,151
2024,Terry,12 Years,202
2024,Terry,13 Years,153
2024,Terry,14 Years,157
2024,Terry,15 Years,210
2024,Terry,16 Years,183
2024,Terry,17 Years,195
2024,Terry,18 Years,161
2024,Terry,19 Years,140
2024,Terry,20 Years,172
2024,Terry,21 Years,182
2024,Terry,22 Years,155
2024,Terry,23 Years,132
2024,Terry,24 Years,104
2024,Terry,25 Years,137
2024,Terry,26 Years,141
2024,Terry,27 Years,143
2024,Terry,28 Years,160
2024,Terry,29 Years,122
2024,Terry,30 Years,143
2024,Terry,31 Years,130
2024,Terry,32 Years,148
2024,Terry,33 Years,149
2024,Terry,34 Years,138
2024,Terry,35 Years,154
2024,Terry,36 Years,128
2024,Terry,37 Years,134
2024,Terry,38 Years,183
2024,Terry,39 Years,184
2024,Terry,40 Years,130
2024,Terry,41 Years,153
2024,Terry,42 Years,134
2024,Terry,43 Years,139
2024,Terry,44 Years,161
2024,Terry,45 Years,133
2024,Terry,46 Years,101
2024,Terry,47 Years,119
2024,Terry,48 Years,107
2024,Terry,49 Years,142
2024,Terry,50 Years,71
2024,Terry,51 Years,84
2024,Terry,52 Years,100
2024,Terry,53 Years,99
2024,Terry,54 Years,117
2024,Terry,55 Years,144
2024,Terry,56 Years,115
2024,Terry,57 Years,116
2024,Terry,58 Years,123
2024,Terry,59 Years,153
2024,Terry,60 Years,119
2024,Terry,61 Years,134
2024,Terry,62 Years,147
2024,Terry,63 Years,141
2024,Terry,64 Years,151
2024,Terry,65 Years,155
2024,Terry,66 Years,139
2024,Terry,67 Years,114
2024,Terry,68 Years,158
2024,Terry,69 Years,127
2024,Terry,70 Years,129
2024,Terry,71 Years,89
2024,Terry,72 Years,116
2024,Terry,73 Years,99
2024,Terry,74 Years,76
2024,Terry,75 Years,60
2024,Terry,76 Years,83
2024,Terry,77 Years,79
2024,Terry,78 Years,71
2024,Terry,79 Years,39
2024,Terry,80 Years,59
2024,Terry,81 Years,56
2024,Terry,82 Years,56
2024,Terry,83 Years,56
2024,Terry,84 Years,46
2024,Terry,85 Years,20
2024,Terry,86 Years,45
2024,Terry,87 Years,23
2024,Terry,88 Years,37
2024,Terry,89 Years,44
2024,Terry,90 Years,15
2024,Terry,91 Years,14
2024,Terry,92 Years,9
2024,Terry,93 Years,19
2024,Terry,94 Years,6
2024,Terry,95+ Years,9
2024,Upshur,< 01 Year,529
2024,Upshur,01 Years,532
2024,Upshur,02 Years,529
2024,Upshur,03 Years,517
2024,Upshur,04 Years,443
2024,Upshur,05 Years,428
2024,Upshur,06 Years,510
2024,Upshur,07 Years,522
2024,Upshur,08 Years,527
2024,Upshur,09 Years,579
2024,Upshur,10 Years,595
2024,Upshur,11 Years,628
2024,Upshur,12 Years,606
2024,Upshur,13 Years,653
2024,Upshur,14 Years,681
2024,Upshur,15 Years,625
2024,Upshur,16 Years,659
2024,Upshur,17 Years,721
2024,Upshur,18 Years,654
2024,Upshur,19 Years,652
2024,Upshur,20 Years,692
2024,Upshur,21 Years,648
2024,Upshur,22 Years,605
2024,Upshur,23 Years,482
2024,Upshur,24 Years,490
2024,Upshur,25 Years,394
2024,Upshur,26 Years,438
2024,Upshur,27 Years,429
2024,Upshur,28 Years,407
2024,Upshur,29 Years,480
2024,Upshur,30 Years,483
2024,Upshur,31 Years,453
2024,Upshur,32 Years,429
2024,Upshur,33 Years,450
2024,Upshur,34 Years,610
2024,Upshur,35 Years,522
2024,Upshur,36 Years,476
2024,Upshur,37 Years,481
2024,Upshur,38 Years,512
2024,Upshur,39 Years,551
2024,Upshur,40 Years,528
2024,Upshur,41 Years,573
2024,Upshur,42 Years,556
2024,Upshur,43 Years,498
2024,Upshur,44 Years,590
2024,Upshur,45 Years,477
2024,Upshur,46 Years,486
2024,Upshur,47 Years,563
2024,Upshur,48 Years,497
2024,Upshur,49 Years,470
2024,Upshur,50 Years,543
2024,Upshur,51 Years,475
2024,Upshur,52 Years,517
2024,Upshur,53 Years,502
2024,Upshur,54 Years,576
2024,Upshur,55 Years,523
2024,Upshur,56 Years,467
2024,Upshur,57 Years,434
2024,Upshur,58 Years,485
2024,Upshur,59 Years,592
2024,Upshur,60 Years,526
2024,Upshur,61 Years,649
2024,Upshur,62 Years,651
2024,Upshur,63 Years,581
2024,Upshur,64 Years,615
2024,Upshur,65 Years,607
2024,Upshur,66 Years,564
2024,Upshur,67 Years,597
2024,Upshur,68 Years,542
2024,Upshur,69 Years,503
2024,Upshur,70 Years,497
2024,Upshur,71 Years,511
2024,Upshur,72 Years,448
2024,Upshur,73 Years,425
2024,Upshur,74 Years,431
2024,Upshur,75 Years,395
2024,Upshur,76 Years,386
2024,Upshur,77 Years,373
2024,Upshur,78 Years,264
2024,Upshur,79 Years,303
2024,Upshur,80 Years,256
2024,Upshur,81 Years,282
2024,Upshur,82 Years,250
2024,Upshur,83 Years,186
2024,Upshur,84 Years,152
2024,Upshur,85 Years,167
2024,Upshur,86 Years,99
2024,Upshur,87 Years,136
2024,Upshur,88 Years,112
2024,Upshur,89 Years,76
2024,Upshur,90 Years,38
2024,Upshur,91 Years,115
2024,Upshur,92 Years,48
2024,Upshur,93 Years,53
2024,Upshur,94 Years,32
2024,Upshur,95+ Years,130
2024,Yoakum,< 01 Year,134
2024,Yoakum,01 Years,132
2024,Yoakum,02 Years,122
2024,Yoakum,03 Years,126
2024,Yoakum,04 Years,99
2024,Yoakum,05 Years,117
2024,Yoakum,06 Years,95
2024,Yoakum,07 Years,117
2024,Yoakum,08 Years,100
2024,Yoakum,09 Years,93
2024,Yoakum,10 Years,140
2024,Yoakum,11 Years,97
2024,Yoakum,12 Years,111
2024,Yoakum,13 Years,108
2024,Yoakum,14 Years,134
2024,Yoakum,15 Years,133
2024,Yoakum,16 Years,127
2024,Yoakum,17 Years,131
2024,Yoakum,18 Years,104
2024,Yoakum,19 Years,128
2024,Yoakum,20 Years,132
2024,Yoakum,21 Years,130
2024,Yoakum,22 Years,100
2024,Yoakum,23 Years,97
2024,Yoakum,24 Years,96
2024,Yoakum,25 Years,98
2024,Yoakum,26 Years,65
2024,Yoakum,27 Years,96
2024,Yoakum,28 Years,59
2024,Yoakum,29 Years,72
2024,Yoakum,30 Years,99
2024,Yoakum,31 Years,72
2024,Yoakum,32 Years,57
2024,Yoakum,33 Years,100
2024,Yoakum,34 Years,83
2024,Yoakum,35 Years,57
2024,Yoakum,36 Years,117
2024,Yoakum,37 Years,72
2024,Yoakum,38 Years,127
2024,Yoakum,39 Years,82
2024,Yoakum,40 Years,69
2024,Yoakum,41 Years,89
2024,Yoakum,42 Years,125
2024,Yoakum,43 Years,75
2024,Yoakum,44 Years,94
2024,Yoakum,45 Years,73
2024,Yoakum,46 Years,82
2024,Yoakum,47 Years,70
2024,Yoakum,48 Years,91
2024,Yoakum,49 Years,62
2024,Yoakum,50 Years,74
2024,Yoakum,51 Years,68
2024,Yoakum,52 Years,78
2024,Yoakum,53 Years,100
2024,Yoakum,54 Years,72
2024,Yoakum,55 Years,65
2024,Yoakum,56 Years,88
2024,Yoakum,57 Years,111
2024,Yoakum,58 Years,82
2024,Yoakum,59 Years,87
2024,Yoakum,60 Years,78
2024,Yoakum,61 Years,108
2024,Yoakum,62 Years,80
2024,Yoakum,63 Years,97
2024,Yoakum,64 Years,95
2024,Yoakum,65 Years,93
2024,Yoakum,66 Years,60
2024,Yoakum,67 Years,85
2024,Yoakum,68 Years,103
2024,Yoakum,69 Years,97
2024,Yoakum,70 Years,69
2024,Yoakum,71 Years,43
2024,Yoakum,72 Years,47
2024,Yoakum,73 Years,77
2024,Yoakum,74 Years,57
2024,Yoakum,75 Years,50
2024,Yoakum,76 Years,55
2024,Yoakum,77 Years,51
2024,Yoakum,78 Years,38
2024,Yoakum,79 Years,44
2024,Yoakum,80 Years,50
2024,Yoakum,81 Years,49
2024,Yoakum,82 Years,19
2024,Yoakum,83 Years,11
2024,Yoakum,84 Years,26
2024,Yoakum,85 Years,19
2024,Yoakum,86 Years,18
2024,Yoakum,87 Years,23
2024,Yoakum,88 Years,29
2024,Yoakum,89 Years,14
2024,Yoakum,90 Years,11
2024,Yoakum,91 Years,6
2024,Yoakum,92 Years,11
2024,Yoakum,93 Years,9
2024,Yoakum,94 Years,8
2024,Yoakum,95+ Years,10
